Hierarquia;Hierarquia2;Nomes de medida;Mês de ESC_DAT_MOVIMENTO;Dia de ESC_DAT_MOVIMENTO;Valores de medida
Blumenau;BLU-ASTROTECH;Não escalados (QTD)  ;outubro;7;3
Blumenau;BLU-ASTROTECH;Escalados (QTD) ;outubro;7;17
Blumenau;BLU-ASTROTECH;% Escalados;outubro;7;0,85
Blumenau;BLU-ASTROTECH;Não escalados (QTD)  ;outubro;6;4
Blumenau;BLU-ASTROTECH;Escalados (QTD) ;outubro;6;16
Blumenau;BLU-ASTROTECH;% Escalados;outubro;6;0,8
Blumenau;BLU-ASTROTECH;Não escalados (QTD)  ;outubro;5;7
Blumenau;BLU-ASTROTECH;Escalados (QTD) ;outubro;5;12
Blumenau;BLU-ASTROTECH;% Escalados;outubro;5;0,631578947
Blumenau;BLU-ASTROTECH;Não escalados (QTD)  ;outubro;4;17
Blumenau;BLU-ASTROTECH;Escalados (QTD) ;outubro;4;1
Blumenau;BLU-ASTROTECH;% Escalados;outubro;4;0,055555556
Blumenau;BLU-ASTROTECH;Não escalados (QTD)  ;outubro;3;12
Blumenau;BLU-ASTROTECH;Escalados (QTD) ;outubro;3;7
Blumenau;BLU-ASTROTECH;% Escalados;outubro;3;0,368421053
Blumenau;BLU-ASTROTECH;Não escalados (QTD)  ;outubro;2;2
Blumenau;BLU-ASTROTECH;Escalados (QTD) ;outubro;2;17
Blumenau;BLU-ASTROTECH;% Escalados;outubro;2;0,894736842
Blumenau;BLU-ASTROTECH;Não escalados (QTD)  ;outubro;1;4
Blumenau;BLU-ASTROTECH;Escalados (QTD) ;outubro;1;16
Blumenau;BLU-ASTROTECH;% Escalados;outubro;1;0,8
Blumenau;BLU-MM;Não escalados (QTD)  ;outubro;7;5
Blumenau;BLU-MM;Escalados (QTD) ;outubro;7;24
Blumenau;BLU-MM;% Escalados;outubro;7;0,827586207
Blumenau;BLU-MM;Não escalados (QTD)  ;outubro;6;5
Blumenau;BLU-MM;Escalados (QTD) ;outubro;6;24
Blumenau;BLU-MM;% Escalados;outubro;6;0,827586207
Blumenau;BLU-MM;Não escalados (QTD)  ;outubro;5;6
Blumenau;BLU-MM;Escalados (QTD) ;outubro;5;23
Blumenau;BLU-MM;% Escalados;outubro;5;0,793103448
Blumenau;BLU-MM;Não escalados (QTD)  ;outubro;4;7
Blumenau;BLU-MM;Escalados (QTD) ;outubro;4;1
Blumenau;BLU-MM;% Escalados;outubro;4;0,125
Blumenau;BLU-MM;Não escalados (QTD)  ;outubro;3;15
Blumenau;BLU-MM;Escalados (QTD) ;outubro;3;14
Blumenau;BLU-MM;% Escalados;outubro;3;0,482758621
Blumenau;BLU-MM;Não escalados (QTD)  ;outubro;2;6
Blumenau;BLU-MM;Escalados (QTD) ;outubro;2;23
Blumenau;BLU-MM;% Escalados;outubro;2;0,793103448
Blumenau;BLU-MM;Não escalados (QTD)  ;outubro;1;6
Blumenau;BLU-MM;Escalados (QTD) ;outubro;1;22
Blumenau;BLU-MM;% Escalados;outubro;1;0,785714286
Blumenau;BQE-ASTROTEC;Não escalados (QTD)  ;outubro;7;0
Blumenau;BQE-ASTROTEC;Escalados (QTD) ;outubro;7;4
Blumenau;BQE-ASTROTEC;% Escalados;outubro;7;1
Blumenau;BQE-ASTROTEC;Não escalados (QTD)  ;outubro;6;0
Blumenau;BQE-ASTROTEC;Escalados (QTD) ;outubro;6;4
Blumenau;BQE-ASTROTEC;% Escalados;outubro;6;1
Blumenau;BQE-ASTROTEC;Não escalados (QTD)  ;outubro;5;0
Blumenau;BQE-ASTROTEC;Escalados (QTD) ;outubro;5;4
Blumenau;BQE-ASTROTEC;% Escalados;outubro;5;1
Blumenau;BQE-ASTROTEC;Não escalados (QTD)  ;outubro;4;3
Blumenau;BQE-ASTROTEC;Escalados (QTD) ;outubro;4;1
Blumenau;BQE-ASTROTEC;% Escalados;outubro;4;0,25
Blumenau;BQE-ASTROTEC;Não escalados (QTD)  ;outubro;3;2
Blumenau;BQE-ASTROTEC;Escalados (QTD) ;outubro;3;2
Blumenau;BQE-ASTROTEC;% Escalados;outubro;3;0,5
Blumenau;BQE-ASTROTEC;Não escalados (QTD)  ;outubro;2;0
Blumenau;BQE-ASTROTEC;Escalados (QTD) ;outubro;2;4
Blumenau;BQE-ASTROTEC;% Escalados;outubro;2;1
Blumenau;BQE-ASTROTEC;Não escalados (QTD)  ;outubro;1;0
Blumenau;BQE-ASTROTEC;Escalados (QTD) ;outubro;1;4
Blumenau;BQE-ASTROTEC;% Escalados;outubro;1;1
Blumenau;GPR-ASTROTECH;Não escalados (QTD)  ;outubro;7;2
Blumenau;GPR-ASTROTECH;Escalados (QTD) ;outubro;7;2
Blumenau;GPR-ASTROTECH;% Escalados;outubro;7;0,5
Blumenau;GPR-ASTROTECH;Não escalados (QTD)  ;outubro;6;2
Blumenau;GPR-ASTROTECH;Escalados (QTD) ;outubro;6;2
Blumenau;GPR-ASTROTECH;% Escalados;outubro;6;0,5
Blumenau;GPR-ASTROTECH;Não escalados (QTD)  ;outubro;5;2
Blumenau;GPR-ASTROTECH;Escalados (QTD) ;outubro;5;2
Blumenau;GPR-ASTROTECH;% Escalados;outubro;5;0,5
Blumenau;GPR-ASTROTECH;Não escalados (QTD)  ;outubro;4;4
Blumenau;GPR-ASTROTECH;Escalados (QTD) ;outubro;4;0
Blumenau;GPR-ASTROTECH;% Escalados;outubro;4;0
Blumenau;GPR-ASTROTECH;Não escalados (QTD)  ;outubro;3;2
Blumenau;GPR-ASTROTECH;Escalados (QTD) ;outubro;3;2
Blumenau;GPR-ASTROTECH;% Escalados;outubro;3;0,5
Blumenau;GPR-ASTROTECH;Não escalados (QTD)  ;outubro;2;2
Blumenau;GPR-ASTROTECH;Escalados (QTD) ;outubro;2;2
Blumenau;GPR-ASTROTECH;% Escalados;outubro;2;0,5
Blumenau;GPR-ASTROTECH;Não escalados (QTD)  ;outubro;1;2
Blumenau;GPR-ASTROTECH;Escalados (QTD) ;outubro;1;2
Blumenau;GPR-ASTROTECH;% Escalados;outubro;1;0,5
Blumenau;IDL-ASTROTECH;Não escalados (QTD)  ;outubro;7;0
Blumenau;IDL-ASTROTECH;Escalados (QTD) ;outubro;7;2
Blumenau;IDL-ASTROTECH;% Escalados;outubro;7;1
Blumenau;IDL-ASTROTECH;Não escalados (QTD)  ;outubro;6;0
Blumenau;IDL-ASTROTECH;Escalados (QTD) ;outubro;6;2
Blumenau;IDL-ASTROTECH;% Escalados;outubro;6;1
Blumenau;IDL-ASTROTECH;Não escalados (QTD)  ;outubro;5;0
Blumenau;IDL-ASTROTECH;Escalados (QTD) ;outubro;5;2
Blumenau;IDL-ASTROTECH;% Escalados;outubro;5;1
Blumenau;IDL-ASTROTECH;Não escalados (QTD)  ;outubro;4;1
Blumenau;IDL-ASTROTECH;Escalados (QTD) ;outubro;4;1
Blumenau;IDL-ASTROTECH;% Escalados;outubro;4;0,5
Blumenau;IDL-ASTROTECH;Não escalados (QTD)  ;outubro;3;0
Blumenau;IDL-ASTROTECH;Escalados (QTD) ;outubro;3;2
Blumenau;IDL-ASTROTECH;% Escalados;outubro;3;1
Blumenau;IDL-ASTROTECH;Não escalados (QTD)  ;outubro;2;0
Blumenau;IDL-ASTROTECH;Escalados (QTD) ;outubro;2;2
Blumenau;IDL-ASTROTECH;% Escalados;outubro;2;1
Blumenau;IDL-ASTROTECH;Não escalados (QTD)  ;outubro;1;0
Blumenau;IDL-ASTROTECH;Escalados (QTD) ;outubro;1;2
Blumenau;IDL-ASTROTECH;% Escalados;outubro;1;1
Blumenau;RSL-ASTROTECH;Não escalados (QTD)  ;outubro;7;0
Blumenau;RSL-ASTROTECH;Escalados (QTD) ;outubro;7;4
Blumenau;RSL-ASTROTECH;% Escalados;outubro;7;1
Blumenau;RSL-ASTROTECH;Não escalados (QTD)  ;outubro;6;1
Blumenau;RSL-ASTROTECH;Escalados (QTD) ;outubro;6;3
Blumenau;RSL-ASTROTECH;% Escalados;outubro;6;0,75
Blumenau;RSL-ASTROTECH;Não escalados (QTD)  ;outubro;5;1
Blumenau;RSL-ASTROTECH;Escalados (QTD) ;outubro;5;3
Blumenau;RSL-ASTROTECH;% Escalados;outubro;5;0,75
Blumenau;RSL-ASTROTECH;Não escalados (QTD)  ;outubro;4;3
Blumenau;RSL-ASTROTECH;Escalados (QTD) ;outubro;4;1
Blumenau;RSL-ASTROTECH;% Escalados;outubro;4;0,25
Blumenau;RSL-ASTROTECH;Não escalados (QTD)  ;outubro;3;2
Blumenau;RSL-ASTROTECH;Escalados (QTD) ;outubro;3;2
Blumenau;RSL-ASTROTECH;% Escalados;outubro;3;0,5
Blumenau;RSL-ASTROTECH;Não escalados (QTD)  ;outubro;2;0
Blumenau;RSL-ASTROTECH;Escalados (QTD) ;outubro;2;4
Blumenau;RSL-ASTROTECH;% Escalados;outubro;2;1
Blumenau;RSL-ASTROTECH;Não escalados (QTD)  ;outubro;1;0
Blumenau;RSL-ASTROTECH;Escalados (QTD) ;outubro;1;4
Blumenau;RSL-ASTROTECH;% Escalados;outubro;1;1
Blumenau;TIO-ASTROTECH;Não escalados (QTD)  ;outubro;7;0
Blumenau;TIO-ASTROTECH;Escalados (QTD) ;outubro;7;1
Blumenau;TIO-ASTROTECH;% Escalados;outubro;7;1
Blumenau;TIO-ASTROTECH;Não escalados (QTD)  ;outubro;6;1
Blumenau;TIO-ASTROTECH;Escalados (QTD) ;outubro;6;0
Blumenau;TIO-ASTROTECH;% Escalados;outubro;6;0
Blumenau;TIO-ASTROTECH;Não escalados (QTD)  ;outubro;5;0
Blumenau;TIO-ASTROTECH;Escalados (QTD) ;outubro;5;1
Blumenau;TIO-ASTROTECH;% Escalados;outubro;5;1
Blumenau;TIO-ASTROTECH;Não escalados (QTD)  ;outubro;4;1
Blumenau;TIO-ASTROTECH;Escalados (QTD) ;outubro;4;0
Blumenau;TIO-ASTROTECH;% Escalados;outubro;4;0
Blumenau;TIO-ASTROTECH;Não escalados (QTD)  ;outubro;3;1
Blumenau;TIO-ASTROTECH;Escalados (QTD) ;outubro;3;0
Blumenau;TIO-ASTROTECH;% Escalados;outubro;3;0
Blumenau;TIO-ASTROTECH;Não escalados (QTD)  ;outubro;2;0
Blumenau;TIO-ASTROTECH;Escalados (QTD) ;outubro;2;1
Blumenau;TIO-ASTROTECH;% Escalados;outubro;2;1
Blumenau;TIO-ASTROTECH;Não escalados (QTD)  ;outubro;1;0
Blumenau;TIO-ASTROTECH;Escalados (QTD) ;outubro;1;1
Blumenau;TIO-ASTROTECH;% Escalados;outubro;1;1
Cascavel;CSC-AMARALSAT;Não escalados (QTD)  ;outubro;7;1
Cascavel;CSC-AMARALSAT;Escalados (QTD) ;outubro;7;8
Cascavel;CSC-AMARALSAT;% Escalados;outubro;7;0,888888889
Cascavel;CSC-AMARALSAT;Não escalados (QTD)  ;outubro;6;2
Cascavel;CSC-AMARALSAT;Escalados (QTD) ;outubro;6;5
Cascavel;CSC-AMARALSAT;% Escalados;outubro;6;0,714285714
Cascavel;CSC-AMARALSAT;Não escalados (QTD)  ;outubro;5;2
Cascavel;CSC-AMARALSAT;Escalados (QTD) ;outubro;5;6
Cascavel;CSC-AMARALSAT;% Escalados;outubro;5;0,75
Cascavel;CSC-AMARALSAT;Não escalados (QTD)  ;outubro;4;1
Cascavel;CSC-AMARALSAT;Escalados (QTD) ;outubro;4;1
Cascavel;CSC-AMARALSAT;% Escalados;outubro;4;0,5
Cascavel;CSC-AMARALSAT;Não escalados (QTD)  ;outubro;3;1
Cascavel;CSC-AMARALSAT;Escalados (QTD) ;outubro;3;7
Cascavel;CSC-AMARALSAT;% Escalados;outubro;3;0,875
Cascavel;CSC-AMARALSAT;Não escalados (QTD)  ;outubro;2;1
Cascavel;CSC-AMARALSAT;Escalados (QTD) ;outubro;2;7
Cascavel;CSC-AMARALSAT;% Escalados;outubro;2;0,875
Cascavel;CSC-AMARALSAT;Não escalados (QTD)  ;outubro;1;2
Cascavel;CSC-AMARALSAT;Escalados (QTD) ;outubro;1;6
Cascavel;CSC-AMARALSAT;% Escalados;outubro;1;0,75
Cascavel;FOZ-AMARALSAT;Não escalados (QTD)  ;outubro;7;3
Cascavel;FOZ-AMARALSAT;Escalados (QTD) ;outubro;7;7
Cascavel;FOZ-AMARALSAT;% Escalados;outubro;7;0,7
Cascavel;FOZ-AMARALSAT;Não escalados (QTD)  ;outubro;6;4
Cascavel;FOZ-AMARALSAT;Escalados (QTD) ;outubro;6;6
Cascavel;FOZ-AMARALSAT;% Escalados;outubro;6;0,6
Cascavel;FOZ-AMARALSAT;Não escalados (QTD)  ;outubro;5;4
Cascavel;FOZ-AMARALSAT;Escalados (QTD) ;outubro;5;6
Cascavel;FOZ-AMARALSAT;% Escalados;outubro;5;0,6
Cascavel;FOZ-AMARALSAT;Não escalados (QTD)  ;outubro;3;0
Cascavel;FOZ-AMARALSAT;Escalados (QTD) ;outubro;3;9
Cascavel;FOZ-AMARALSAT;% Escalados;outubro;3;1
Cascavel;FOZ-AMARALSAT;Não escalados (QTD)  ;outubro;2;1
Cascavel;FOZ-AMARALSAT;Escalados (QTD) ;outubro;2;9
Cascavel;FOZ-AMARALSAT;% Escalados;outubro;2;0,9
Cascavel;FOZ-AMARALSAT;Não escalados (QTD)  ;outubro;1;1
Cascavel;FOZ-AMARALSAT;Escalados (QTD) ;outubro;1;9
Cascavel;FOZ-AMARALSAT;% Escalados;outubro;1;0,9
Cascavel;MDN-AMARALSAT;Não escalados (QTD)  ;outubro;7;0
Cascavel;MDN-AMARALSAT;Escalados (QTD) ;outubro;7;1
Cascavel;MDN-AMARALSAT;% Escalados;outubro;7;1
Cascavel;MDN-AMARALSAT;Não escalados (QTD)  ;outubro;6;0
Cascavel;MDN-AMARALSAT;Escalados (QTD) ;outubro;6;1
Cascavel;MDN-AMARALSAT;% Escalados;outubro;6;1
Cascavel;MDN-AMARALSAT;Não escalados (QTD)  ;outubro;5;0
Cascavel;MDN-AMARALSAT;Escalados (QTD) ;outubro;5;1
Cascavel;MDN-AMARALSAT;% Escalados;outubro;5;1
Cascavel;MDN-AMARALSAT;Não escalados (QTD)  ;outubro;4;1
Cascavel;MDN-AMARALSAT;Escalados (QTD) ;outubro;4;0
Cascavel;MDN-AMARALSAT;% Escalados;outubro;4;0
Cascavel;MDN-AMARALSAT;Não escalados (QTD)  ;outubro;3;0
Cascavel;MDN-AMARALSAT;Escalados (QTD) ;outubro;3;1
Cascavel;MDN-AMARALSAT;% Escalados;outubro;3;1
Cascavel;MDN-AMARALSAT;Não escalados (QTD)  ;outubro;2;0
Cascavel;MDN-AMARALSAT;Escalados (QTD) ;outubro;2;1
Cascavel;MDN-AMARALSAT;% Escalados;outubro;2;1
Cascavel;MDN-AMARALSAT;Não escalados (QTD)  ;outubro;1;0
Cascavel;MDN-AMARALSAT;Escalados (QTD) ;outubro;1;1
Cascavel;MDN-AMARALSAT;% Escalados;outubro;1;1
Cascavel;MRH-AMARALSAT;Não escalados (QTD)  ;outubro;7;0
Cascavel;MRH-AMARALSAT;Escalados (QTD) ;outubro;7;1
Cascavel;MRH-AMARALSAT;% Escalados;outubro;7;1
Cascavel;MRH-AMARALSAT;Não escalados (QTD)  ;outubro;6;0
Cascavel;MRH-AMARALSAT;Escalados (QTD) ;outubro;6;1
Cascavel;MRH-AMARALSAT;% Escalados;outubro;6;1
Cascavel;MRH-AMARALSAT;Não escalados (QTD)  ;outubro;5;0
Cascavel;MRH-AMARALSAT;Escalados (QTD) ;outubro;5;1
Cascavel;MRH-AMARALSAT;% Escalados;outubro;5;1
Cascavel;MRH-AMARALSAT;Não escalados (QTD)  ;outubro;3;0
Cascavel;MRH-AMARALSAT;Escalados (QTD) ;outubro;3;1
Cascavel;MRH-AMARALSAT;% Escalados;outubro;3;1
Cascavel;MRH-AMARALSAT;Não escalados (QTD)  ;outubro;2;0
Cascavel;MRH-AMARALSAT;Escalados (QTD) ;outubro;2;1
Cascavel;MRH-AMARALSAT;% Escalados;outubro;2;1
Cascavel;MRH-AMARALSAT;Não escalados (QTD)  ;outubro;1;0
Cascavel;MRH-AMARALSAT;Escalados (QTD) ;outubro;1;1
Cascavel;MRH-AMARALSAT;% Escalados;outubro;1;1
Cascavel;TOL-AMARALSAT;Não escalados (QTD)  ;outubro;7;0
Cascavel;TOL-AMARALSAT;Escalados (QTD) ;outubro;7;4
Cascavel;TOL-AMARALSAT;% Escalados;outubro;7;1
Cascavel;TOL-AMARALSAT;Não escalados (QTD)  ;outubro;6;0
Cascavel;TOL-AMARALSAT;Escalados (QTD) ;outubro;6;4
Cascavel;TOL-AMARALSAT;% Escalados;outubro;6;1
Cascavel;TOL-AMARALSAT;Não escalados (QTD)  ;outubro;5;0
Cascavel;TOL-AMARALSAT;Escalados (QTD) ;outubro;5;4
Cascavel;TOL-AMARALSAT;% Escalados;outubro;5;1
Cascavel;TOL-AMARALSAT;Não escalados (QTD)  ;outubro;3;0
Cascavel;TOL-AMARALSAT;Escalados (QTD) ;outubro;3;4
Cascavel;TOL-AMARALSAT;% Escalados;outubro;3;1
Cascavel;TOL-AMARALSAT;Não escalados (QTD)  ;outubro;2;0
Cascavel;TOL-AMARALSAT;Escalados (QTD) ;outubro;2;4
Cascavel;TOL-AMARALSAT;% Escalados;outubro;2;1
Cascavel;TOL-AMARALSAT;Não escalados (QTD)  ;outubro;1;0
Cascavel;TOL-AMARALSAT;Escalados (QTD) ;outubro;1;4
Cascavel;TOL-AMARALSAT;% Escalados;outubro;1;1
Chapecó;CDA-EQS;Não escalados (QTD)  ;outubro;7;1
Chapecó;CDA-EQS;Escalados (QTD) ;outubro;7;1
Chapecó;CDA-EQS;% Escalados;outubro;7;0,5
Chapecó;CDA-EQS;Não escalados (QTD)  ;outubro;6;1
Chapecó;CDA-EQS;Escalados (QTD) ;outubro;6;1
Chapecó;CDA-EQS;% Escalados;outubro;6;0,5
Chapecó;CDA-EQS;Não escalados (QTD)  ;outubro;5;1
Chapecó;CDA-EQS;Escalados (QTD) ;outubro;5;1
Chapecó;CDA-EQS;% Escalados;outubro;5;0,5
Chapecó;CDA-EQS;Não escalados (QTD)  ;outubro;4;2
Chapecó;CDA-EQS;Escalados (QTD) ;outubro;4;0
Chapecó;CDA-EQS;% Escalados;outubro;4;0
Chapecó;CDA-EQS;Não escalados (QTD)  ;outubro;3;1
Chapecó;CDA-EQS;Escalados (QTD) ;outubro;3;1
Chapecó;CDA-EQS;% Escalados;outubro;3;0,5
Chapecó;CDA-EQS;Não escalados (QTD)  ;outubro;2;1
Chapecó;CDA-EQS;Escalados (QTD) ;outubro;2;1
Chapecó;CDA-EQS;% Escalados;outubro;2;0,5
Chapecó;CDA-EQS;Não escalados (QTD)  ;outubro;1;1
Chapecó;CDA-EQS;Escalados (QTD) ;outubro;1;1
Chapecó;CDA-EQS;% Escalados;outubro;1;0,5
Chapecó;CHA-EQS ENGENHARIA;Não escalados (QTD)  ;outubro;7;3
Chapecó;CHA-EQS ENGENHARIA;Escalados (QTD) ;outubro;7;7
Chapecó;CHA-EQS ENGENHARIA;% Escalados;outubro;7;0,7
Chapecó;CHA-EQS ENGENHARIA;Não escalados (QTD)  ;outubro;6;3
Chapecó;CHA-EQS ENGENHARIA;Escalados (QTD) ;outubro;6;7
Chapecó;CHA-EQS ENGENHARIA;% Escalados;outubro;6;0,7
Chapecó;CHA-EQS ENGENHARIA;Não escalados (QTD)  ;outubro;5;2
Chapecó;CHA-EQS ENGENHARIA;Escalados (QTD) ;outubro;5;7
Chapecó;CHA-EQS ENGENHARIA;% Escalados;outubro;5;0,777777778
Chapecó;CHA-EQS ENGENHARIA;Não escalados (QTD)  ;outubro;4;5
Chapecó;CHA-EQS ENGENHARIA;Escalados (QTD) ;outubro;4;0
Chapecó;CHA-EQS ENGENHARIA;% Escalados;outubro;4;0
Chapecó;CHA-EQS ENGENHARIA;Não escalados (QTD)  ;outubro;3;4
Chapecó;CHA-EQS ENGENHARIA;Escalados (QTD) ;outubro;3;5
Chapecó;CHA-EQS ENGENHARIA;% Escalados;outubro;3;0,555555556
Chapecó;CHA-EQS ENGENHARIA;Não escalados (QTD)  ;outubro;2;2
Chapecó;CHA-EQS ENGENHARIA;Escalados (QTD) ;outubro;2;7
Chapecó;CHA-EQS ENGENHARIA;% Escalados;outubro;2;0,777777778
Chapecó;CHA-EQS ENGENHARIA;Não escalados (QTD)  ;outubro;1;4
Chapecó;CHA-EQS ENGENHARIA;Escalados (QTD) ;outubro;1;5
Chapecó;CHA-EQS ENGENHARIA;% Escalados;outubro;1;0,555555556
Chapecó;XXR-EQS;Não escalados (QTD)  ;outubro;7;0
Chapecó;XXR-EQS;Escalados (QTD) ;outubro;7;1
Chapecó;XXR-EQS;% Escalados;outubro;7;1
Chapecó;XXR-EQS;Não escalados (QTD)  ;outubro;6;0
Chapecó;XXR-EQS;Escalados (QTD) ;outubro;6;1
Chapecó;XXR-EQS;% Escalados;outubro;6;1
Chapecó;XXR-EQS;Não escalados (QTD)  ;outubro;5;0
Chapecó;XXR-EQS;Escalados (QTD) ;outubro;5;1
Chapecó;XXR-EQS;% Escalados;outubro;5;1
Chapecó;XXR-EQS;Não escalados (QTD)  ;outubro;3;0
Chapecó;XXR-EQS;Escalados (QTD) ;outubro;3;1
Chapecó;XXR-EQS;% Escalados;outubro;3;1
Chapecó;XXR-EQS;Não escalados (QTD)  ;outubro;2;0
Chapecó;XXR-EQS;Escalados (QTD) ;outubro;2;1
Chapecó;XXR-EQS;% Escalados;outubro;2;1
Chapecó;XXR-EQS;Não escalados (QTD)  ;outubro;1;0
Chapecó;XXR-EQS;Escalados (QTD) ;outubro;1;1
Chapecó;XXR-EQS;% Escalados;outubro;1;1
Criciúma;ARU-EQS;Não escalados (QTD)  ;outubro;7;1
Criciúma;ARU-EQS;Escalados (QTD) ;outubro;7;0
Criciúma;ARU-EQS;% Escalados;outubro;7;0
Criciúma;ARU-EQS;Não escalados (QTD)  ;outubro;6;1
Criciúma;ARU-EQS;Escalados (QTD) ;outubro;6;0
Criciúma;ARU-EQS;% Escalados;outubro;6;0
Criciúma;ARU-EQS;Não escalados (QTD)  ;outubro;5;1
Criciúma;ARU-EQS;Escalados (QTD) ;outubro;5;0
Criciúma;ARU-EQS;% Escalados;outubro;5;0
Criciúma;ARU-EQS;Não escalados (QTD)  ;outubro;4;1
Criciúma;ARU-EQS;Escalados (QTD) ;outubro;4;0
Criciúma;ARU-EQS;% Escalados;outubro;4;0
Criciúma;ARU-EQS;Não escalados (QTD)  ;outubro;3;1
Criciúma;ARU-EQS;Escalados (QTD) ;outubro;3;0
Criciúma;ARU-EQS;% Escalados;outubro;3;0
Criciúma;ARU-EQS;Não escalados (QTD)  ;outubro;2;1
Criciúma;ARU-EQS;Escalados (QTD) ;outubro;2;0
Criciúma;ARU-EQS;% Escalados;outubro;2;0
Criciúma;ARU-EQS;Não escalados (QTD)  ;outubro;1;0
Criciúma;ARU-EQS;Escalados (QTD) ;outubro;1;1
Criciúma;ARU-EQS;% Escalados;outubro;1;1
Criciúma;CRI-EQS;Não escalados (QTD)  ;outubro;7;6
Criciúma;CRI-EQS;Escalados (QTD) ;outubro;7;13
Criciúma;CRI-EQS;% Escalados;outubro;7;0,684210526
Criciúma;CRI-EQS;Não escalados (QTD)  ;outubro;6;6
Criciúma;CRI-EQS;Escalados (QTD) ;outubro;6;13
Criciúma;CRI-EQS;% Escalados;outubro;6;0,684210526
Criciúma;CRI-EQS;Não escalados (QTD)  ;outubro;5;4
Criciúma;CRI-EQS;Escalados (QTD) ;outubro;5;15
Criciúma;CRI-EQS;% Escalados;outubro;5;0,789473684
Criciúma;CRI-EQS;Não escalados (QTD)  ;outubro;4;20
Criciúma;CRI-EQS;Escalados (QTD) ;outubro;4;0
Criciúma;CRI-EQS;% Escalados;outubro;4;0
Criciúma;CRI-EQS;Não escalados (QTD)  ;outubro;3;5
Criciúma;CRI-EQS;Escalados (QTD) ;outubro;3;15
Criciúma;CRI-EQS;% Escalados;outubro;3;0,75
Criciúma;CRI-EQS;Não escalados (QTD)  ;outubro;2;7
Criciúma;CRI-EQS;Escalados (QTD) ;outubro;2;13
Criciúma;CRI-EQS;% Escalados;outubro;2;0,65
Criciúma;CRI-EQS;Não escalados (QTD)  ;outubro;1;6
Criciúma;CRI-EQS;Escalados (QTD) ;outubro;1;14
Criciúma;CRI-EQS;% Escalados;outubro;1;0,7
Criciúma;TRO-EQS;Não escalados (QTD)  ;outubro;7;1
Criciúma;TRO-EQS;Escalados (QTD) ;outubro;7;2
Criciúma;TRO-EQS;% Escalados;outubro;7;0,666666667
Criciúma;TRO-EQS;Não escalados (QTD)  ;outubro;6;0
Criciúma;TRO-EQS;Escalados (QTD) ;outubro;6;3
Criciúma;TRO-EQS;% Escalados;outubro;6;1
Criciúma;TRO-EQS;Não escalados (QTD)  ;outubro;5;0
Criciúma;TRO-EQS;Escalados (QTD) ;outubro;5;3
Criciúma;TRO-EQS;% Escalados;outubro;5;1
Criciúma;TRO-EQS;Não escalados (QTD)  ;outubro;4;2
Criciúma;TRO-EQS;Escalados (QTD) ;outubro;4;1
Criciúma;TRO-EQS;% Escalados;outubro;4;0,333333333
Criciúma;TRO-EQS;Não escalados (QTD)  ;outubro;3;1
Criciúma;TRO-EQS;Escalados (QTD) ;outubro;3;2
Criciúma;TRO-EQS;% Escalados;outubro;3;0,666666667
Criciúma;TRO-EQS;Não escalados (QTD)  ;outubro;2;0
Criciúma;TRO-EQS;Escalados (QTD) ;outubro;2;3
Criciúma;TRO-EQS;% Escalados;outubro;2;1
Criciúma;TRO-EQS;Não escalados (QTD)  ;outubro;1;0
Criciúma;TRO-EQS;Escalados (QTD) ;outubro;1;3
Criciúma;TRO-EQS;% Escalados;outubro;1;1
Criciúma;YCA-EQS;Não escalados (QTD)  ;outubro;7;0
Criciúma;YCA-EQS;Escalados (QTD) ;outubro;7;1
Criciúma;YCA-EQS;% Escalados;outubro;7;1
Criciúma;YCA-EQS;Não escalados (QTD)  ;outubro;6;0
Criciúma;YCA-EQS;Escalados (QTD) ;outubro;6;1
Criciúma;YCA-EQS;% Escalados;outubro;6;1
Criciúma;YCA-EQS;Não escalados (QTD)  ;outubro;5;0
Criciúma;YCA-EQS;Escalados (QTD) ;outubro;5;1
Criciúma;YCA-EQS;% Escalados;outubro;5;1
Criciúma;YCA-EQS;Não escalados (QTD)  ;outubro;4;1
Criciúma;YCA-EQS;Escalados (QTD) ;outubro;4;0
Criciúma;YCA-EQS;% Escalados;outubro;4;0
Criciúma;YCA-EQS;Não escalados (QTD)  ;outubro;3;1
Criciúma;YCA-EQS;Escalados (QTD) ;outubro;3;0
Criciúma;YCA-EQS;% Escalados;outubro;3;0
Criciúma;YCA-EQS;Não escalados (QTD)  ;outubro;2;0
Criciúma;YCA-EQS;Escalados (QTD) ;outubro;2;1
Criciúma;YCA-EQS;% Escalados;outubro;2;1
Criciúma;YCA-EQS;Não escalados (QTD)  ;outubro;1;0
Criciúma;YCA-EQS;Escalados (QTD) ;outubro;1;1
Criciúma;YCA-EQS;% Escalados;outubro;1;1
Curitiba;ATC-NET_ENERGY;Não escalados (QTD)  ;outubro;7;0
Curitiba;ATC-NET_ENERGY;Escalados (QTD) ;outubro;7;3
Curitiba;ATC-NET_ENERGY;% Escalados;outubro;7;1
Curitiba;ATC-NET_ENERGY;Não escalados (QTD)  ;outubro;6;0
Curitiba;ATC-NET_ENERGY;Escalados (QTD) ;outubro;6;3
Curitiba;ATC-NET_ENERGY;% Escalados;outubro;6;1
Curitiba;ATC-NET_ENERGY;Não escalados (QTD)  ;outubro;5;0
Curitiba;ATC-NET_ENERGY;Escalados (QTD) ;outubro;5;3
Curitiba;ATC-NET_ENERGY;% Escalados;outubro;5;1
Curitiba;ATC-NET_ENERGY;Não escalados (QTD)  ;outubro;4;0
Curitiba;ATC-NET_ENERGY;Escalados (QTD) ;outubro;4;2
Curitiba;ATC-NET_ENERGY;% Escalados;outubro;4;1
Curitiba;ATC-NET_ENERGY;Não escalados (QTD)  ;outubro;3;0
Curitiba;ATC-NET_ENERGY;Escalados (QTD) ;outubro;3;3
Curitiba;ATC-NET_ENERGY;% Escalados;outubro;3;1
Curitiba;ATC-NET_ENERGY;Não escalados (QTD)  ;outubro;2;0
Curitiba;ATC-NET_ENERGY;Escalados (QTD) ;outubro;2;3
Curitiba;ATC-NET_ENERGY;% Escalados;outubro;2;1
Curitiba;ATC-NET_ENERGY;Não escalados (QTD)  ;outubro;1;0
Curitiba;ATC-NET_ENERGY;Escalados (QTD) ;outubro;1;3
Curitiba;ATC-NET_ENERGY;% Escalados;outubro;1;1
Curitiba;ATT-NET_ENERGY_R2;Não escalados (QTD)  ;outubro;7;0
Curitiba;ATT-NET_ENERGY_R2;Escalados (QTD) ;outubro;7;4
Curitiba;ATT-NET_ENERGY_R2;% Escalados;outubro;7;1
Curitiba;ATT-NET_ENERGY_R2;Não escalados (QTD)  ;outubro;6;0
Curitiba;ATT-NET_ENERGY_R2;Escalados (QTD) ;outubro;6;4
Curitiba;ATT-NET_ENERGY_R2;% Escalados;outubro;6;1
Curitiba;ATT-NET_ENERGY_R2;Não escalados (QTD)  ;outubro;5;2
Curitiba;ATT-NET_ENERGY_R2;Escalados (QTD) ;outubro;5;2
Curitiba;ATT-NET_ENERGY_R2;% Escalados;outubro;5;0,5
Curitiba;ATT-NET_ENERGY_R2;Não escalados (QTD)  ;outubro;3;0
Curitiba;ATT-NET_ENERGY_R2;Escalados (QTD) ;outubro;3;3
Curitiba;ATT-NET_ENERGY_R2;% Escalados;outubro;3;1
Curitiba;ATT-NET_ENERGY_R2;Não escalados (QTD)  ;outubro;2;0
Curitiba;ATT-NET_ENERGY_R2;Escalados (QTD) ;outubro;2;4
Curitiba;ATT-NET_ENERGY_R2;% Escalados;outubro;2;1
Curitiba;ATT-NET_ENERGY_R2;Não escalados (QTD)  ;outubro;1;0
Curitiba;ATT-NET_ENERGY_R2;Escalados (QTD) ;outubro;1;2
Curitiba;ATT-NET_ENERGY_R2;% Escalados;outubro;1;1
Curitiba;AUC-EQS;Não escalados (QTD)  ;outubro;7;3
Curitiba;AUC-EQS;Escalados (QTD) ;outubro;7;2
Curitiba;AUC-EQS;% Escalados;outubro;7;0,4
Curitiba;AUC-EQS;Não escalados (QTD)  ;outubro;6;4
Curitiba;AUC-EQS;Escalados (QTD) ;outubro;6;1
Curitiba;AUC-EQS;% Escalados;outubro;6;0,2
Curitiba;AUC-EQS;Não escalados (QTD)  ;outubro;5;3
Curitiba;AUC-EQS;Escalados (QTD) ;outubro;5;2
Curitiba;AUC-EQS;% Escalados;outubro;5;0,4
Curitiba;AUC-EQS;Não escalados (QTD)  ;outubro;4;5
Curitiba;AUC-EQS;Escalados (QTD) ;outubro;4;0
Curitiba;AUC-EQS;% Escalados;outubro;4;0
Curitiba;AUC-EQS;Não escalados (QTD)  ;outubro;3;2
Curitiba;AUC-EQS;Escalados (QTD) ;outubro;3;3
Curitiba;AUC-EQS;% Escalados;outubro;3;0,6
Curitiba;AUC-EQS;Não escalados (QTD)  ;outubro;2;2
Curitiba;AUC-EQS;Escalados (QTD) ;outubro;2;3
Curitiba;AUC-EQS;% Escalados;outubro;2;0,6
Curitiba;AUC-EQS;Não escalados (QTD)  ;outubro;1;3
Curitiba;AUC-EQS;Escalados (QTD) ;outubro;1;2
Curitiba;AUC-EQS;% Escalados;outubro;1;0,4
Curitiba;CLG-EQS;Não escalados (QTD)  ;outubro;7;0
Curitiba;CLG-EQS;Escalados (QTD) ;outubro;7;1
Curitiba;CLG-EQS;% Escalados;outubro;7;1
Curitiba;CLG-EQS;Não escalados (QTD)  ;outubro;6;1
Curitiba;CLG-EQS;Escalados (QTD) ;outubro;6;0
Curitiba;CLG-EQS;% Escalados;outubro;6;0
Curitiba;CLG-EQS;Não escalados (QTD)  ;outubro;5;0
Curitiba;CLG-EQS;Escalados (QTD) ;outubro;5;1
Curitiba;CLG-EQS;% Escalados;outubro;5;1
Curitiba;CLG-EQS;Não escalados (QTD)  ;outubro;4;1
Curitiba;CLG-EQS;Escalados (QTD) ;outubro;4;0
Curitiba;CLG-EQS;% Escalados;outubro;4;0
Curitiba;CLG-EQS;Não escalados (QTD)  ;outubro;3;0
Curitiba;CLG-EQS;Escalados (QTD) ;outubro;3;1
Curitiba;CLG-EQS;% Escalados;outubro;3;1
Curitiba;CLG-EQS;Não escalados (QTD)  ;outubro;2;0
Curitiba;CLG-EQS;Escalados (QTD) ;outubro;2;1
Curitiba;CLG-EQS;% Escalados;outubro;2;1
Curitiba;CLG-EQS;Não escalados (QTD)  ;outubro;1;0
Curitiba;CLG-EQS;Escalados (QTD) ;outubro;1;1
Curitiba;CLG-EQS;% Escalados;outubro;1;1
Curitiba;CWB-EQS;Não escalados (QTD)  ;outubro;7;20
Curitiba;CWB-EQS;Escalados (QTD) ;outubro;7;28
Curitiba;CWB-EQS;% Escalados;outubro;7;0,583333333
Curitiba;CWB-EQS;Não escalados (QTD)  ;outubro;6;18
Curitiba;CWB-EQS;Escalados (QTD) ;outubro;6;30
Curitiba;CWB-EQS;% Escalados;outubro;6;0,625
Curitiba;CWB-EQS;Não escalados (QTD)  ;outubro;5;17
Curitiba;CWB-EQS;Escalados (QTD) ;outubro;5;31
Curitiba;CWB-EQS;% Escalados;outubro;5;0,645833333
Curitiba;CWB-EQS;Não escalados (QTD)  ;outubro;4;45
Curitiba;CWB-EQS;Escalados (QTD) ;outubro;4;3
Curitiba;CWB-EQS;% Escalados;outubro;4;0,0625
Curitiba;CWB-EQS;Não escalados (QTD)  ;outubro;3;13
Curitiba;CWB-EQS;Escalados (QTD) ;outubro;3;35
Curitiba;CWB-EQS;% Escalados;outubro;3;0,729166667
Curitiba;CWB-EQS;Não escalados (QTD)  ;outubro;2;12
Curitiba;CWB-EQS;Escalados (QTD) ;outubro;2;36
Curitiba;CWB-EQS;% Escalados;outubro;2;0,75
Curitiba;CWB-EQS;Não escalados (QTD)  ;outubro;1;13
Curitiba;CWB-EQS;Escalados (QTD) ;outubro;1;37
Curitiba;CWB-EQS;% Escalados;outubro;1;0,74
Curitiba;CWB-EQS_SWAP;Não escalados (QTD)  ;outubro;7;3
Curitiba;CWB-EQS_SWAP;Escalados (QTD) ;outubro;7;14
Curitiba;CWB-EQS_SWAP;% Escalados;outubro;7;0,823529412
Curitiba;CWB-EQS_SWAP;Não escalados (QTD)  ;outubro;6;4
Curitiba;CWB-EQS_SWAP;Escalados (QTD) ;outubro;6;13
Curitiba;CWB-EQS_SWAP;% Escalados;outubro;6;0,764705882
Curitiba;CWB-EQS_SWAP;Não escalados (QTD)  ;outubro;5;4
Curitiba;CWB-EQS_SWAP;Escalados (QTD) ;outubro;5;13
Curitiba;CWB-EQS_SWAP;% Escalados;outubro;5;0,764705882
Curitiba;CWB-EQS_SWAP;Não escalados (QTD)  ;outubro;4;17
Curitiba;CWB-EQS_SWAP;Escalados (QTD) ;outubro;4;0
Curitiba;CWB-EQS_SWAP;% Escalados;outubro;4;0
Curitiba;CWB-EQS_SWAP;Não escalados (QTD)  ;outubro;3;1
Curitiba;CWB-EQS_SWAP;Escalados (QTD) ;outubro;3;16
Curitiba;CWB-EQS_SWAP;% Escalados;outubro;3;0,941176471
Curitiba;CWB-EQS_SWAP;Não escalados (QTD)  ;outubro;2;0
Curitiba;CWB-EQS_SWAP;Escalados (QTD) ;outubro;2;17
Curitiba;CWB-EQS_SWAP;% Escalados;outubro;2;1
Curitiba;CWB-EQS_SWAP;Não escalados (QTD)  ;outubro;1;2
Curitiba;CWB-EQS_SWAP;Escalados (QTD) ;outubro;1;15
Curitiba;CWB-EQS_SWAP;% Escalados;outubro;1;0,882352941
Curitiba;CWB-FFA;Não escalados (QTD)  ;outubro;7;14
Curitiba;CWB-FFA;Escalados (QTD) ;outubro;7;43
Curitiba;CWB-FFA;% Escalados;outubro;7;0,754385965
Curitiba;CWB-FFA;Não escalados (QTD)  ;outubro;6;17
Curitiba;CWB-FFA;Escalados (QTD) ;outubro;6;40
Curitiba;CWB-FFA;% Escalados;outubro;6;0,701754386
Curitiba;CWB-FFA;Não escalados (QTD)  ;outubro;5;15
Curitiba;CWB-FFA;Escalados (QTD) ;outubro;5;42
Curitiba;CWB-FFA;% Escalados;outubro;5;0,736842105
Curitiba;CWB-FFA;Não escalados (QTD)  ;outubro;4;9
Curitiba;CWB-FFA;Escalados (QTD) ;outubro;4;2
Curitiba;CWB-FFA;% Escalados;outubro;4;0,181818182
Curitiba;CWB-FFA;Não escalados (QTD)  ;outubro;3;12
Curitiba;CWB-FFA;Escalados (QTD) ;outubro;3;47
Curitiba;CWB-FFA;% Escalados;outubro;3;0,796610169
Curitiba;CWB-FFA;Não escalados (QTD)  ;outubro;2;14
Curitiba;CWB-FFA;Escalados (QTD) ;outubro;2;45
Curitiba;CWB-FFA;% Escalados;outubro;2;0,762711864
Curitiba;CWB-FFA;Não escalados (QTD)  ;outubro;1;8
Curitiba;CWB-FFA;Escalados (QTD) ;outubro;1;51
Curitiba;CWB-FFA;% Escalados;outubro;1;0,864406780
Curitiba;CWB-FFA_SWAP;Não escalados (QTD)  ;outubro;7;5
Curitiba;CWB-FFA_SWAP;Escalados (QTD) ;outubro;7;10
Curitiba;CWB-FFA_SWAP;% Escalados;outubro;7;0,666666667
Curitiba;CWB-FFA_SWAP;Não escalados (QTD)  ;outubro;6;3
Curitiba;CWB-FFA_SWAP;Escalados (QTD) ;outubro;6;12
Curitiba;CWB-FFA_SWAP;% Escalados;outubro;6;0,8
Curitiba;CWB-FFA_SWAP;Não escalados (QTD)  ;outubro;5;4
Curitiba;CWB-FFA_SWAP;Escalados (QTD) ;outubro;5;11
Curitiba;CWB-FFA_SWAP;% Escalados;outubro;5;0,733333333
Curitiba;CWB-FFA_SWAP;Não escalados (QTD)  ;outubro;4;4
Curitiba;CWB-FFA_SWAP;Escalados (QTD) ;outubro;4;1
Curitiba;CWB-FFA_SWAP;% Escalados;outubro;4;0,2
Curitiba;CWB-FFA_SWAP;Não escalados (QTD)  ;outubro;3;4
Curitiba;CWB-FFA_SWAP;Escalados (QTD) ;outubro;3;11
Curitiba;CWB-FFA_SWAP;% Escalados;outubro;3;0,733333333
Curitiba;CWB-FFA_SWAP;Não escalados (QTD)  ;outubro;2;3
Curitiba;CWB-FFA_SWAP;Escalados (QTD) ;outubro;2;12
Curitiba;CWB-FFA_SWAP;% Escalados;outubro;2;0,8
Curitiba;CWB-FFA_SWAP;Não escalados (QTD)  ;outubro;1;4
Curitiba;CWB-FFA_SWAP;Escalados (QTD) ;outubro;1;11
Curitiba;CWB-FFA_SWAP;% Escalados;outubro;1;0,733333333
Curitiba;CWB-PROCABO;Não escalados (QTD)  ;outubro;7;6
Curitiba;CWB-PROCABO;Escalados (QTD) ;outubro;7;5
Curitiba;CWB-PROCABO;% Escalados;outubro;7;0,454545455
Curitiba;CWB-PROCABO;Não escalados (QTD)  ;outubro;6;6
Curitiba;CWB-PROCABO;Escalados (QTD) ;outubro;6;5
Curitiba;CWB-PROCABO;% Escalados;outubro;6;0,454545455
Curitiba;CWB-PROCABO;Não escalados (QTD)  ;outubro;5;5
Curitiba;CWB-PROCABO;Escalados (QTD) ;outubro;5;6
Curitiba;CWB-PROCABO;% Escalados;outubro;5;0,545454545
Curitiba;CWB-PROCABO;Não escalados (QTD)  ;outubro;4;11
Curitiba;CWB-PROCABO;Escalados (QTD) ;outubro;4;0
Curitiba;CWB-PROCABO;% Escalados;outubro;4;0
Curitiba;CWB-PROCABO;Não escalados (QTD)  ;outubro;3;4
Curitiba;CWB-PROCABO;Escalados (QTD) ;outubro;3;7
Curitiba;CWB-PROCABO;% Escalados;outubro;3;0,636363636
Curitiba;CWB-PROCABO;Não escalados (QTD)  ;outubro;2;5
Curitiba;CWB-PROCABO;Escalados (QTD) ;outubro;2;6
Curitiba;CWB-PROCABO;% Escalados;outubro;2;0,545454545
Curitiba;CWB-PROCABO;Não escalados (QTD)  ;outubro;1;4
Curitiba;CWB-PROCABO;Escalados (QTD) ;outubro;1;7
Curitiba;CWB-PROCABO;% Escalados;outubro;1;0,636363636
Curitiba;CWB-PROCISA;Não escalados (QTD)  ;outubro;7;11
Curitiba;CWB-PROCISA;Escalados (QTD) ;outubro;7;43
Curitiba;CWB-PROCISA;% Escalados;outubro;7;0,796296296
Curitiba;CWB-PROCISA;Não escalados (QTD)  ;outubro;6;16
Curitiba;CWB-PROCISA;Escalados (QTD) ;outubro;6;38
Curitiba;CWB-PROCISA;% Escalados;outubro;6;0,703703704
Curitiba;CWB-PROCISA;Não escalados (QTD)  ;outubro;5;14
Curitiba;CWB-PROCISA;Escalados (QTD) ;outubro;5;40
Curitiba;CWB-PROCISA;% Escalados;outubro;5;0,740740741
Curitiba;CWB-PROCISA;Não escalados (QTD)  ;outubro;4;13
Curitiba;CWB-PROCISA;Escalados (QTD) ;outubro;4;3
Curitiba;CWB-PROCISA;% Escalados;outubro;4;0,1875
Curitiba;CWB-PROCISA;Não escalados (QTD)  ;outubro;3;14
Curitiba;CWB-PROCISA;Escalados (QTD) ;outubro;3;38
Curitiba;CWB-PROCISA;% Escalados;outubro;3;0,730769231
Curitiba;CWB-PROCISA;Não escalados (QTD)  ;outubro;2;12
Curitiba;CWB-PROCISA;Escalados (QTD) ;outubro;2;41
Curitiba;CWB-PROCISA;% Escalados;outubro;2;0,773584906
Curitiba;CWB-PROCISA;Não escalados (QTD)  ;outubro;1;9
Curitiba;CWB-PROCISA;Escalados (QTD) ;outubro;1;44
Curitiba;CWB-PROCISA;% Escalados;outubro;1;0,830188679
Curitiba;CWB-PROCISA_SWAP;Não escalados (QTD)  ;outubro;7;5
Curitiba;CWB-PROCISA_SWAP;Escalados (QTD) ;outubro;7;18
Curitiba;CWB-PROCISA_SWAP;% Escalados;outubro;7;0,782608696
Curitiba;CWB-PROCISA_SWAP;Não escalados (QTD)  ;outubro;6;4
Curitiba;CWB-PROCISA_SWAP;Escalados (QTD) ;outubro;6;19
Curitiba;CWB-PROCISA_SWAP;% Escalados;outubro;6;0,826086957
Curitiba;CWB-PROCISA_SWAP;Não escalados (QTD)  ;outubro;5;4
Curitiba;CWB-PROCISA_SWAP;Escalados (QTD) ;outubro;5;19
Curitiba;CWB-PROCISA_SWAP;% Escalados;outubro;5;0,826086957
Curitiba;CWB-PROCISA_SWAP;Não escalados (QTD)  ;outubro;4;7
Curitiba;CWB-PROCISA_SWAP;Escalados (QTD) ;outubro;4;0
Curitiba;CWB-PROCISA_SWAP;% Escalados;outubro;4;0
Curitiba;CWB-PROCISA_SWAP;Não escalados (QTD)  ;outubro;3;6
Curitiba;CWB-PROCISA_SWAP;Escalados (QTD) ;outubro;3;17
Curitiba;CWB-PROCISA_SWAP;% Escalados;outubro;3;0,739130435
Curitiba;CWB-PROCISA_SWAP;Não escalados (QTD)  ;outubro;2;6
Curitiba;CWB-PROCISA_SWAP;Escalados (QTD) ;outubro;2;17
Curitiba;CWB-PROCISA_SWAP;% Escalados;outubro;2;0,739130435
Curitiba;CWB-PROCISA_SWAP;Não escalados (QTD)  ;outubro;1;4
Curitiba;CWB-PROCISA_SWAP;Escalados (QTD) ;outubro;1;19
Curitiba;CWB-PROCISA_SWAP;% Escalados;outubro;1;0,826086957
Curitiba;FZR-EQS;Não escalados (QTD)  ;outubro;7;1
Curitiba;FZR-EQS;Escalados (QTD) ;outubro;7;2
Curitiba;FZR-EQS;% Escalados;outubro;7;0,666666667
Curitiba;FZR-EQS;Não escalados (QTD)  ;outubro;6;1
Curitiba;FZR-EQS;Escalados (QTD) ;outubro;6;2
Curitiba;FZR-EQS;% Escalados;outubro;6;0,666666667
Curitiba;FZR-EQS;Não escalados (QTD)  ;outubro;5;0
Curitiba;FZR-EQS;Escalados (QTD) ;outubro;5;3
Curitiba;FZR-EQS;% Escalados;outubro;5;1
Curitiba;FZR-EQS;Não escalados (QTD)  ;outubro;4;3
Curitiba;FZR-EQS;Escalados (QTD) ;outubro;4;0
Curitiba;FZR-EQS;% Escalados;outubro;4;0
Curitiba;FZR-EQS;Não escalados (QTD)  ;outubro;3;0
Curitiba;FZR-EQS;Escalados (QTD) ;outubro;3;3
Curitiba;FZR-EQS;% Escalados;outubro;3;1
Curitiba;FZR-EQS;Não escalados (QTD)  ;outubro;2;0
Curitiba;FZR-EQS;Escalados (QTD) ;outubro;2;3
Curitiba;FZR-EQS;% Escalados;outubro;2;1
Curitiba;FZR-EQS;Não escalados (QTD)  ;outubro;1;0
Curitiba;FZR-EQS;Escalados (QTD) ;outubro;1;3
Curitiba;FZR-EQS;% Escalados;outubro;1;1
Curitiba;FZR-NET ENERGY;Não escalados (QTD)  ;outubro;7;1
Curitiba;FZR-NET ENERGY;Escalados (QTD) ;outubro;7;4
Curitiba;FZR-NET ENERGY;% Escalados;outubro;7;0,8
Curitiba;FZR-NET ENERGY;Não escalados (QTD)  ;outubro;6;1
Curitiba;FZR-NET ENERGY;Escalados (QTD) ;outubro;6;4
Curitiba;FZR-NET ENERGY;% Escalados;outubro;6;0,8
Curitiba;FZR-NET ENERGY;Não escalados (QTD)  ;outubro;5;2
Curitiba;FZR-NET ENERGY;Escalados (QTD) ;outubro;5;3
Curitiba;FZR-NET ENERGY;% Escalados;outubro;5;0,6
Curitiba;FZR-NET ENERGY;Não escalados (QTD)  ;outubro;4;1
Curitiba;FZR-NET ENERGY;Escalados (QTD) ;outubro;4;0
Curitiba;FZR-NET ENERGY;% Escalados;outubro;4;0
Curitiba;FZR-NET ENERGY;Não escalados (QTD)  ;outubro;3;1
Curitiba;FZR-NET ENERGY;Escalados (QTD) ;outubro;3;4
Curitiba;FZR-NET ENERGY;% Escalados;outubro;3;0,8
Curitiba;FZR-NET ENERGY;Não escalados (QTD)  ;outubro;2;2
Curitiba;FZR-NET ENERGY;Escalados (QTD) ;outubro;2;3
Curitiba;FZR-NET ENERGY;% Escalados;outubro;2;0,6
Curitiba;FZR-NET ENERGY;Não escalados (QTD)  ;outubro;1;0
Curitiba;FZR-NET ENERGY;Escalados (QTD) ;outubro;1;5
Curitiba;FZR-NET ENERGY;% Escalados;outubro;1;1
Curitiba;PNIS-NET ENERGY;Não escalados (QTD)  ;outubro;7;0
Curitiba;PNIS-NET ENERGY;Escalados (QTD) ;outubro;7;5
Curitiba;PNIS-NET ENERGY;% Escalados;outubro;7;1
Curitiba;PNIS-NET ENERGY;Não escalados (QTD)  ;outubro;6;0
Curitiba;PNIS-NET ENERGY;Escalados (QTD) ;outubro;6;5
Curitiba;PNIS-NET ENERGY;% Escalados;outubro;6;1
Curitiba;PNIS-NET ENERGY;Não escalados (QTD)  ;outubro;5;0
Curitiba;PNIS-NET ENERGY;Escalados (QTD) ;outubro;5;5
Curitiba;PNIS-NET ENERGY;% Escalados;outubro;5;1
Curitiba;PNIS-NET ENERGY;Não escalados (QTD)  ;outubro;3;0
Curitiba;PNIS-NET ENERGY;Escalados (QTD) ;outubro;3;4
Curitiba;PNIS-NET ENERGY;% Escalados;outubro;3;1
Curitiba;PNIS-NET ENERGY;Não escalados (QTD)  ;outubro;2;0
Curitiba;PNIS-NET ENERGY;Escalados (QTD) ;outubro;2;4
Curitiba;PNIS-NET ENERGY;% Escalados;outubro;2;1
Curitiba;PNIS-NET ENERGY;Não escalados (QTD)  ;outubro;1;1
Curitiba;PNIS-NET ENERGY;Escalados (QTD) ;outubro;1;3
Curitiba;PNIS-NET ENERGY;% Escalados;outubro;1;0,75
Curitiba;PQA-NET_ENERGY;Não escalados (QTD)  ;outubro;7;0
Curitiba;PQA-NET_ENERGY;Escalados (QTD) ;outubro;7;9
Curitiba;PQA-NET_ENERGY;% Escalados;outubro;7;1
Curitiba;PQA-NET_ENERGY;Não escalados (QTD)  ;outubro;6;0
Curitiba;PQA-NET_ENERGY;Escalados (QTD) ;outubro;6;9
Curitiba;PQA-NET_ENERGY;% Escalados;outubro;6;1
Curitiba;PQA-NET_ENERGY;Não escalados (QTD)  ;outubro;5;0
Curitiba;PQA-NET_ENERGY;Escalados (QTD) ;outubro;5;9
Curitiba;PQA-NET_ENERGY;% Escalados;outubro;5;1
Curitiba;PQA-NET_ENERGY;Não escalados (QTD)  ;outubro;3;0
Curitiba;PQA-NET_ENERGY;Escalados (QTD) ;outubro;3;9
Curitiba;PQA-NET_ENERGY;% Escalados;outubro;3;1
Curitiba;PQA-NET_ENERGY;Não escalados (QTD)  ;outubro;2;0
Curitiba;PQA-NET_ENERGY;Escalados (QTD) ;outubro;2;9
Curitiba;PQA-NET_ENERGY;% Escalados;outubro;2;1
Curitiba;PQA-NET_ENERGY;Não escalados (QTD)  ;outubro;1;0
Curitiba;PQA-NET_ENERGY;Escalados (QTD) ;outubro;1;8
Curitiba;PQA-NET_ENERGY;% Escalados;outubro;1;1
Curitiba;QBS-NETENERGY;Não escalados (QTD)  ;outubro;7;0
Curitiba;QBS-NETENERGY;Escalados (QTD) ;outubro;7;2
Curitiba;QBS-NETENERGY;% Escalados;outubro;7;1
Curitiba;QBS-NETENERGY;Não escalados (QTD)  ;outubro;6;0
Curitiba;QBS-NETENERGY;Escalados (QTD) ;outubro;6;2
Curitiba;QBS-NETENERGY;% Escalados;outubro;6;1
Curitiba;QBS-NETENERGY;Não escalados (QTD)  ;outubro;5;1
Curitiba;QBS-NETENERGY;Escalados (QTD) ;outubro;5;1
Curitiba;QBS-NETENERGY;% Escalados;outubro;5;0,5
Curitiba;QBS-NETENERGY;Não escalados (QTD)  ;outubro;3;0
Curitiba;QBS-NETENERGY;Escalados (QTD) ;outubro;3;2
Curitiba;QBS-NETENERGY;% Escalados;outubro;3;1
Curitiba;QBS-NETENERGY;Não escalados (QTD)  ;outubro;2;0
Curitiba;QBS-NETENERGY;Escalados (QTD) ;outubro;2;2
Curitiba;QBS-NETENERGY;% Escalados;outubro;2;1
Curitiba;QBS-NETENERGY;Não escalados (QTD)  ;outubro;1;0
Curitiba;QBS-NETENERGY;Escalados (QTD) ;outubro;1;2
Curitiba;QBS-NETENERGY;% Escalados;outubro;1;1
Curitiba;SJP-EQS;Não escalados (QTD)  ;outubro;7;5
Curitiba;SJP-EQS;Escalados (QTD) ;outubro;7;5
Curitiba;SJP-EQS;% Escalados;outubro;7;0,5
Curitiba;SJP-EQS;Não escalados (QTD)  ;outubro;6;6
Curitiba;SJP-EQS;Escalados (QTD) ;outubro;6;4
Curitiba;SJP-EQS;% Escalados;outubro;6;0,4
Curitiba;SJP-EQS;Não escalados (QTD)  ;outubro;5;2
Curitiba;SJP-EQS;Escalados (QTD) ;outubro;5;8
Curitiba;SJP-EQS;% Escalados;outubro;5;0,8
Curitiba;SJP-EQS;Não escalados (QTD)  ;outubro;4;9
Curitiba;SJP-EQS;Escalados (QTD) ;outubro;4;1
Curitiba;SJP-EQS;% Escalados;outubro;4;0,1
Curitiba;SJP-EQS;Não escalados (QTD)  ;outubro;3;3
Curitiba;SJP-EQS;Escalados (QTD) ;outubro;3;7
Curitiba;SJP-EQS;% Escalados;outubro;3;0,7
Curitiba;SJP-EQS;Não escalados (QTD)  ;outubro;2;1
Curitiba;SJP-EQS;Escalados (QTD) ;outubro;2;9
Curitiba;SJP-EQS;% Escalados;outubro;2;0,9
Curitiba;SJP-EQS;Não escalados (QTD)  ;outubro;1;0
Curitiba;SJP-EQS;Escalados (QTD) ;outubro;1;10
Curitiba;SJP-EQS;% Escalados;outubro;1;1
Florianópolis;BGC-EQS;Não escalados (QTD)  ;outubro;7;1
Florianópolis;BGC-EQS;Escalados (QTD) ;outubro;7;6
Florianópolis;BGC-EQS;% Escalados;outubro;7;0,857142857
Florianópolis;BGC-EQS;Não escalados (QTD)  ;outubro;6;1
Florianópolis;BGC-EQS;Escalados (QTD) ;outubro;6;6
Florianópolis;BGC-EQS;% Escalados;outubro;6;0,857142857
Florianópolis;BGC-EQS;Não escalados (QTD)  ;outubro;5;3
Florianópolis;BGC-EQS;Escalados (QTD) ;outubro;5;4
Florianópolis;BGC-EQS;% Escalados;outubro;5;0,571428571
Florianópolis;BGC-EQS;Não escalados (QTD)  ;outubro;4;6
Florianópolis;BGC-EQS;Escalados (QTD) ;outubro;4;1
Florianópolis;BGC-EQS;% Escalados;outubro;4;0,142857143
Florianópolis;BGC-EQS;Não escalados (QTD)  ;outubro;3;1
Florianópolis;BGC-EQS;Escalados (QTD) ;outubro;3;6
Florianópolis;BGC-EQS;% Escalados;outubro;3;0,857142857
Florianópolis;BGC-EQS;Não escalados (QTD)  ;outubro;2;2
Florianópolis;BGC-EQS;Escalados (QTD) ;outubro;2;5
Florianópolis;BGC-EQS;% Escalados;outubro;2;0,714285714
Florianópolis;BGC-EQS;Não escalados (QTD)  ;outubro;1;3
Florianópolis;BGC-EQS;Escalados (QTD) ;outubro;1;4
Florianópolis;BGC-EQS;% Escalados;outubro;1;0,571428571
Florianópolis;FLO-EQS;Não escalados (QTD)  ;outubro;7;7
Florianópolis;FLO-EQS;Escalados (QTD) ;outubro;7;11
Florianópolis;FLO-EQS;% Escalados;outubro;7;0,611111111
Florianópolis;FLO-EQS;Não escalados (QTD)  ;outubro;6;16
Florianópolis;FLO-EQS;Escalados (QTD) ;outubro;6;2
Florianópolis;FLO-EQS;% Escalados;outubro;6;0,111111111
Florianópolis;FLO-EQS;Não escalados (QTD)  ;outubro;5;4
Florianópolis;FLO-EQS;Escalados (QTD) ;outubro;5;14
Florianópolis;FLO-EQS;% Escalados;outubro;5;0,777777778
Florianópolis;FLO-EQS;Não escalados (QTD)  ;outubro;4;18
Florianópolis;FLO-EQS;Escalados (QTD) ;outubro;4;0
Florianópolis;FLO-EQS;% Escalados;outubro;4;0
Florianópolis;FLO-EQS;Não escalados (QTD)  ;outubro;3;15
Florianópolis;FLO-EQS;Escalados (QTD) ;outubro;3;3
Florianópolis;FLO-EQS;% Escalados;outubro;3;0,166666667
Florianópolis;FLO-EQS;Não escalados (QTD)  ;outubro;2;4
Florianópolis;FLO-EQS;Escalados (QTD) ;outubro;2;14
Florianópolis;FLO-EQS;% Escalados;outubro;2;0,777777778
Florianópolis;FLO-EQS;Não escalados (QTD)  ;outubro;1;4
Florianópolis;FLO-EQS;Escalados (QTD) ;outubro;1;14
Florianópolis;FLO-EQS;% Escalados;outubro;1;0,777777778
Florianópolis;FLO-MB REDES_CONSTRU_MDU;Não escalados (QTD)  ;outubro;7;1
Florianópolis;FLO-MB REDES_CONSTRU_MDU;Escalados (QTD) ;outubro;7;0
Florianópolis;FLO-MB REDES_CONSTRU_MDU;% Escalados;outubro;7;0
Florianópolis;FLO-MB REDES_CONSTRU_MDU;Não escalados (QTD)  ;outubro;6;1
Florianópolis;FLO-MB REDES_CONSTRU_MDU;Escalados (QTD) ;outubro;6;0
Florianópolis;FLO-MB REDES_CONSTRU_MDU;% Escalados;outubro;6;0
Florianópolis;FLO-MB REDES_CONSTRU_MDU;Não escalados (QTD)  ;outubro;5;1
Florianópolis;FLO-MB REDES_CONSTRU_MDU;Escalados (QTD) ;outubro;5;0
Florianópolis;FLO-MB REDES_CONSTRU_MDU;% Escalados;outubro;5;0
Florianópolis;FLO-MB REDES_CONSTRU_MDU;Não escalados (QTD)  ;outubro;4;1
Florianópolis;FLO-MB REDES_CONSTRU_MDU;Escalados (QTD) ;outubro;4;0
Florianópolis;FLO-MB REDES_CONSTRU_MDU;% Escalados;outubro;4;0
Florianópolis;FLO-MB REDES_CONSTRU_MDU;Não escalados (QTD)  ;outubro;3;1
Florianópolis;FLO-MB REDES_CONSTRU_MDU;Escalados (QTD) ;outubro;3;0
Florianópolis;FLO-MB REDES_CONSTRU_MDU;% Escalados;outubro;3;0
Florianópolis;FLO-MB REDES_CONSTRU_MDU;Não escalados (QTD)  ;outubro;2;1
Florianópolis;FLO-MB REDES_CONSTRU_MDU;Escalados (QTD) ;outubro;2;0
Florianópolis;FLO-MB REDES_CONSTRU_MDU;% Escalados;outubro;2;0
Florianópolis;FLO-MB REDES_CONSTRU_MDU;Não escalados (QTD)  ;outubro;1;1
Florianópolis;FLO-MB REDES_CONSTRU_MDU;Escalados (QTD) ;outubro;1;0
Florianópolis;FLO-MB REDES_CONSTRU_MDU;% Escalados;outubro;1;0
Florianópolis;FLO-PROCISA;Não escalados (QTD)  ;outubro;7;15
Florianópolis;FLO-PROCISA;Escalados (QTD) ;outubro;7;53
Florianópolis;FLO-PROCISA;% Escalados;outubro;7;0,779411765
Florianópolis;FLO-PROCISA;Não escalados (QTD)  ;outubro;6;13
Florianópolis;FLO-PROCISA;Escalados (QTD) ;outubro;6;55
Florianópolis;FLO-PROCISA;% Escalados;outubro;6;0,808823529
Florianópolis;FLO-PROCISA;Não escalados (QTD)  ;outubro;5;9
Florianópolis;FLO-PROCISA;Escalados (QTD) ;outubro;5;59
Florianópolis;FLO-PROCISA;% Escalados;outubro;5;0,867647059
Florianópolis;FLO-PROCISA;Não escalados (QTD)  ;outubro;4;67
Florianópolis;FLO-PROCISA;Escalados (QTD) ;outubro;4;2
Florianópolis;FLO-PROCISA;% Escalados;outubro;4;0,028985507
Florianópolis;FLO-PROCISA;Não escalados (QTD)  ;outubro;3;36
Florianópolis;FLO-PROCISA;Escalados (QTD) ;outubro;3;33
Florianópolis;FLO-PROCISA;% Escalados;outubro;3;0,478260870
Florianópolis;FLO-PROCISA;Não escalados (QTD)  ;outubro;2;9
Florianópolis;FLO-PROCISA;Escalados (QTD) ;outubro;2;60
Florianópolis;FLO-PROCISA;% Escalados;outubro;2;0,869565217
Florianópolis;FLO-PROCISA;Não escalados (QTD)  ;outubro;1;9
Florianópolis;FLO-PROCISA;Escalados (QTD) ;outubro;1;61
Florianópolis;FLO-PROCISA;% Escalados;outubro;1;0,871428571
Florianópolis;FLO-VGASAT;Não escalados (QTD)  ;outubro;7;10
Florianópolis;FLO-VGASAT;Escalados (QTD) ;outubro;7;20
Florianópolis;FLO-VGASAT;% Escalados;outubro;7;0,666666667
Florianópolis;FLO-VGASAT;Não escalados (QTD)  ;outubro;6;9
Florianópolis;FLO-VGASAT;Escalados (QTD) ;outubro;6;21
Florianópolis;FLO-VGASAT;% Escalados;outubro;6;0,7
Florianópolis;FLO-VGASAT;Não escalados (QTD)  ;outubro;5;8
Florianópolis;FLO-VGASAT;Escalados (QTD) ;outubro;5;21
Florianópolis;FLO-VGASAT;% Escalados;outubro;5;0,724137931
Florianópolis;FLO-VGASAT;Não escalados (QTD)  ;outubro;4;29
Florianópolis;FLO-VGASAT;Escalados (QTD) ;outubro;4;1
Florianópolis;FLO-VGASAT;% Escalados;outubro;4;0,033333333
Florianópolis;FLO-VGASAT;Não escalados (QTD)  ;outubro;3;17
Florianópolis;FLO-VGASAT;Escalados (QTD) ;outubro;3;13
Florianópolis;FLO-VGASAT;% Escalados;outubro;3;0,433333333
Florianópolis;FLO-VGASAT;Não escalados (QTD)  ;outubro;2;8
Florianópolis;FLO-VGASAT;Escalados (QTD) ;outubro;2;22
Florianópolis;FLO-VGASAT;% Escalados;outubro;2;0,733333333
Florianópolis;FLO-VGASAT;Não escalados (QTD)  ;outubro;1;7
Florianópolis;FLO-VGASAT;Escalados (QTD) ;outubro;1;24
Florianópolis;FLO-VGASAT;% Escalados;outubro;1;0,774193548
Florianópolis;PAC-EQS;Não escalados (QTD)  ;outubro;7;8
Florianópolis;PAC-EQS;Escalados (QTD) ;outubro;7;9
Florianópolis;PAC-EQS;% Escalados;outubro;7;0,529411765
Florianópolis;PAC-EQS;Não escalados (QTD)  ;outubro;6;8
Florianópolis;PAC-EQS;Escalados (QTD) ;outubro;6;9
Florianópolis;PAC-EQS;% Escalados;outubro;6;0,529411765
Florianópolis;PAC-EQS;Não escalados (QTD)  ;outubro;5;6
Florianópolis;PAC-EQS;Escalados (QTD) ;outubro;5;11
Florianópolis;PAC-EQS;% Escalados;outubro;5;0,647058824
Florianópolis;PAC-EQS;Não escalados (QTD)  ;outubro;4;17
Florianópolis;PAC-EQS;Escalados (QTD) ;outubro;4;0
Florianópolis;PAC-EQS;% Escalados;outubro;4;0
Florianópolis;PAC-EQS;Não escalados (QTD)  ;outubro;3;5
Florianópolis;PAC-EQS;Escalados (QTD) ;outubro;3;12
Florianópolis;PAC-EQS;% Escalados;outubro;3;0,705882353
Florianópolis;PAC-EQS;Não escalados (QTD)  ;outubro;2;6
Florianópolis;PAC-EQS;Escalados (QTD) ;outubro;2;3
Florianópolis;PAC-EQS;% Escalados;outubro;2;0,333333333
Florianópolis;PAC-EQS;Não escalados (QTD)  ;outubro;1;5
Florianópolis;PAC-EQS;Escalados (QTD) ;outubro;1;4
Florianópolis;PAC-EQS;% Escalados;outubro;1;0,444444444
Florianópolis;SOO-EQS;Não escalados (QTD)  ;outubro;7;22
Florianópolis;SOO-EQS;Escalados (QTD) ;outubro;7;33
Florianópolis;SOO-EQS;% Escalados;outubro;7;0,6
Florianópolis;SOO-EQS;Não escalados (QTD)  ;outubro;6;19
Florianópolis;SOO-EQS;Escalados (QTD) ;outubro;6;36
Florianópolis;SOO-EQS;% Escalados;outubro;6;0,654545455
Florianópolis;SOO-EQS;Não escalados (QTD)  ;outubro;5;29
Florianópolis;SOO-EQS;Escalados (QTD) ;outubro;5;26
Florianópolis;SOO-EQS;% Escalados;outubro;5;0,472727273
Florianópolis;SOO-EQS;Não escalados (QTD)  ;outubro;4;51
Florianópolis;SOO-EQS;Escalados (QTD) ;outubro;4;4
Florianópolis;SOO-EQS;% Escalados;outubro;4;0,072727273
Florianópolis;SOO-EQS;Não escalados (QTD)  ;outubro;3;21
Florianópolis;SOO-EQS;Escalados (QTD) ;outubro;3;34
Florianópolis;SOO-EQS;% Escalados;outubro;3;0,618181818
Florianópolis;SOO-EQS;Não escalados (QTD)  ;outubro;2;25
Florianópolis;SOO-EQS;Escalados (QTD) ;outubro;2;38
Florianópolis;SOO-EQS;% Escalados;outubro;2;0,603174603
Florianópolis;SOO-EQS;Não escalados (QTD)  ;outubro;1;27
Florianópolis;SOO-EQS;Escalados (QTD) ;outubro;1;36
Florianópolis;SOO-EQS;% Escalados;outubro;1;0,571428571
Francisco Beltrão;FNB-EQS;Não escalados (QTD)  ;outubro;7;0
Francisco Beltrão;FNB-EQS;Escalados (QTD) ;outubro;7;1
Francisco Beltrão;FNB-EQS;% Escalados;outubro;7;1
Francisco Beltrão;FNB-EQS;Não escalados (QTD)  ;outubro;6;0
Francisco Beltrão;FNB-EQS;Escalados (QTD) ;outubro;6;1
Francisco Beltrão;FNB-EQS;% Escalados;outubro;6;1
Francisco Beltrão;FNB-EQS;Não escalados (QTD)  ;outubro;5;0
Francisco Beltrão;FNB-EQS;Escalados (QTD) ;outubro;5;1
Francisco Beltrão;FNB-EQS;% Escalados;outubro;5;1
Francisco Beltrão;FNB-EQS;Não escalados (QTD)  ;outubro;4;1
Francisco Beltrão;FNB-EQS;Escalados (QTD) ;outubro;4;0
Francisco Beltrão;FNB-EQS;% Escalados;outubro;4;0
Francisco Beltrão;FNB-EQS;Não escalados (QTD)  ;outubro;3;0
Francisco Beltrão;FNB-EQS;Escalados (QTD) ;outubro;3;1
Francisco Beltrão;FNB-EQS;% Escalados;outubro;3;1
Francisco Beltrão;FNB-EQS;Não escalados (QTD)  ;outubro;2;0
Francisco Beltrão;FNB-EQS;Escalados (QTD) ;outubro;2;1
Francisco Beltrão;FNB-EQS;% Escalados;outubro;2;1
Francisco Beltrão;FNB-EQS;Não escalados (QTD)  ;outubro;1;0
Francisco Beltrão;FNB-EQS;Escalados (QTD) ;outubro;1;1
Francisco Beltrão;FNB-EQS;% Escalados;outubro;1;1
Francisco Beltrão;PLM-EQS;Não escalados (QTD)  ;outubro;7;0
Francisco Beltrão;PLM-EQS;Escalados (QTD) ;outubro;7;1
Francisco Beltrão;PLM-EQS;% Escalados;outubro;7;1
Francisco Beltrão;PLM-EQS;Não escalados (QTD)  ;outubro;6;0
Francisco Beltrão;PLM-EQS;Escalados (QTD) ;outubro;6;1
Francisco Beltrão;PLM-EQS;% Escalados;outubro;6;1
Francisco Beltrão;PLM-EQS;Não escalados (QTD)  ;outubro;5;0
Francisco Beltrão;PLM-EQS;Escalados (QTD) ;outubro;5;1
Francisco Beltrão;PLM-EQS;% Escalados;outubro;5;1
Francisco Beltrão;PLM-EQS;Não escalados (QTD)  ;outubro;4;1
Francisco Beltrão;PLM-EQS;Escalados (QTD) ;outubro;4;0
Francisco Beltrão;PLM-EQS;% Escalados;outubro;4;0
Francisco Beltrão;PLM-EQS;Não escalados (QTD)  ;outubro;3;0
Francisco Beltrão;PLM-EQS;Escalados (QTD) ;outubro;3;1
Francisco Beltrão;PLM-EQS;% Escalados;outubro;3;1
Francisco Beltrão;PLM-EQS;Não escalados (QTD)  ;outubro;2;0
Francisco Beltrão;PLM-EQS;Escalados (QTD) ;outubro;2;1
Francisco Beltrão;PLM-EQS;% Escalados;outubro;2;1
Francisco Beltrão;PLM-EQS;Não escalados (QTD)  ;outubro;1;0
Francisco Beltrão;PLM-EQS;Escalados (QTD) ;outubro;1;1
Francisco Beltrão;PLM-EQS;% Escalados;outubro;1;1
Francisco Beltrão;UVA-EQS;Não escalados (QTD)  ;outubro;7;0
Francisco Beltrão;UVA-EQS;Escalados (QTD) ;outubro;7;2
Francisco Beltrão;UVA-EQS;% Escalados;outubro;7;1
Francisco Beltrão;UVA-EQS;Não escalados (QTD)  ;outubro;6;0
Francisco Beltrão;UVA-EQS;Escalados (QTD) ;outubro;6;2
Francisco Beltrão;UVA-EQS;% Escalados;outubro;6;1
Francisco Beltrão;UVA-EQS;Não escalados (QTD)  ;outubro;5;0
Francisco Beltrão;UVA-EQS;Escalados (QTD) ;outubro;5;2
Francisco Beltrão;UVA-EQS;% Escalados;outubro;5;1
Francisco Beltrão;UVA-EQS;Não escalados (QTD)  ;outubro;4;2
Francisco Beltrão;UVA-EQS;Escalados (QTD) ;outubro;4;0
Francisco Beltrão;UVA-EQS;% Escalados;outubro;4;0
Francisco Beltrão;UVA-EQS;Não escalados (QTD)  ;outubro;3;0
Francisco Beltrão;UVA-EQS;Escalados (QTD) ;outubro;3;2
Francisco Beltrão;UVA-EQS;% Escalados;outubro;3;1
Francisco Beltrão;UVA-EQS;Não escalados (QTD)  ;outubro;2;0
Francisco Beltrão;UVA-EQS;Escalados (QTD) ;outubro;2;2
Francisco Beltrão;UVA-EQS;% Escalados;outubro;2;1
Francisco Beltrão;UVA-EQS;Não escalados (QTD)  ;outubro;1;0
Francisco Beltrão;UVA-EQS;Escalados (QTD) ;outubro;1;2
Francisco Beltrão;UVA-EQS;% Escalados;outubro;1;1
Guarapuava;GPV-PRISMA;Não escalados (QTD)  ;outubro;7;1
Guarapuava;GPV-PRISMA;Escalados (QTD) ;outubro;7;5
Guarapuava;GPV-PRISMA;% Escalados;outubro;7;0,833333333
Guarapuava;GPV-PRISMA;Não escalados (QTD)  ;outubro;6;0
Guarapuava;GPV-PRISMA;Escalados (QTD) ;outubro;6;6
Guarapuava;GPV-PRISMA;% Escalados;outubro;6;1
Guarapuava;GPV-PRISMA;Não escalados (QTD)  ;outubro;5;1
Guarapuava;GPV-PRISMA;Escalados (QTD) ;outubro;5;5
Guarapuava;GPV-PRISMA;% Escalados;outubro;5;0,833333333
Guarapuava;GPV-PRISMA;Não escalados (QTD)  ;outubro;4;0
Guarapuava;GPV-PRISMA;Escalados (QTD) ;outubro;4;1
Guarapuava;GPV-PRISMA;% Escalados;outubro;4;1
Guarapuava;GPV-PRISMA;Não escalados (QTD)  ;outubro;3;1
Guarapuava;GPV-PRISMA;Escalados (QTD) ;outubro;3;5
Guarapuava;GPV-PRISMA;% Escalados;outubro;3;0,833333333
Guarapuava;GPV-PRISMA;Não escalados (QTD)  ;outubro;2;1
Guarapuava;GPV-PRISMA;Escalados (QTD) ;outubro;2;5
Guarapuava;GPV-PRISMA;% Escalados;outubro;2;0,833333333
Guarapuava;GPV-PRISMA;Não escalados (QTD)  ;outubro;1;1
Guarapuava;GPV-PRISMA;Escalados (QTD) ;outubro;1;5
Guarapuava;GPV-PRISMA;% Escalados;outubro;1;0,833333333
Itajaí;BCU-MM;Não escalados (QTD)  ;outubro;7;1
Itajaí;BCU-MM;Escalados (QTD) ;outubro;7;8
Itajaí;BCU-MM;% Escalados;outubro;7;0,888888889
Itajaí;BCU-MM;Não escalados (QTD)  ;outubro;6;1
Itajaí;BCU-MM;Escalados (QTD) ;outubro;6;8
Itajaí;BCU-MM;% Escalados;outubro;6;0,888888889
Itajaí;BCU-MM;Não escalados (QTD)  ;outubro;5;3
Itajaí;BCU-MM;Escalados (QTD) ;outubro;5;6
Itajaí;BCU-MM;% Escalados;outubro;5;0,666666667
Itajaí;BCU-MM;Não escalados (QTD)  ;outubro;4;0
Itajaí;BCU-MM;Escalados (QTD) ;outubro;4;1
Itajaí;BCU-MM;% Escalados;outubro;4;1
Itajaí;BCU-MM;Não escalados (QTD)  ;outubro;3;5
Itajaí;BCU-MM;Escalados (QTD) ;outubro;3;4
Itajaí;BCU-MM;% Escalados;outubro;3;0,444444444
Itajaí;BCU-MM;Não escalados (QTD)  ;outubro;2;1
Itajaí;BCU-MM;Escalados (QTD) ;outubro;2;8
Itajaí;BCU-MM;% Escalados;outubro;2;0,888888889
Itajaí;BCU-MM;Não escalados (QTD)  ;outubro;1;0
Itajaí;BCU-MM;Escalados (QTD) ;outubro;1;9
Itajaí;BCU-MM;% Escalados;outubro;1;1
Itajaí;BCU-VGASAT;Não escalados (QTD)  ;outubro;7;6
Itajaí;BCU-VGASAT;Escalados (QTD) ;outubro;7;13
Itajaí;BCU-VGASAT;% Escalados;outubro;7;0,684210526
Itajaí;BCU-VGASAT;Não escalados (QTD)  ;outubro;6;5
Itajaí;BCU-VGASAT;Escalados (QTD) ;outubro;6;14
Itajaí;BCU-VGASAT;% Escalados;outubro;6;0,736842105
Itajaí;BCU-VGASAT;Não escalados (QTD)  ;outubro;5;6
Itajaí;BCU-VGASAT;Escalados (QTD) ;outubro;5;13
Itajaí;BCU-VGASAT;% Escalados;outubro;5;0,684210526
Itajaí;BCU-VGASAT;Não escalados (QTD)  ;outubro;4;16
Itajaí;BCU-VGASAT;Escalados (QTD) ;outubro;4;2
Itajaí;BCU-VGASAT;% Escalados;outubro;4;0,111111111
Itajaí;BCU-VGASAT;Não escalados (QTD)  ;outubro;3;4
Itajaí;BCU-VGASAT;Escalados (QTD) ;outubro;3;14
Itajaí;BCU-VGASAT;% Escalados;outubro;3;0,777777778
Itajaí;BCU-VGASAT;Não escalados (QTD)  ;outubro;2;6
Itajaí;BCU-VGASAT;Escalados (QTD) ;outubro;2;12
Itajaí;BCU-VGASAT;% Escalados;outubro;2;0,666666667
Itajaí;BCU-VGASAT;Não escalados (QTD)  ;outubro;1;5
Itajaí;BCU-VGASAT;Escalados (QTD) ;outubro;1;13
Itajaí;BCU-VGASAT;% Escalados;outubro;1;0,722222222
Itajaí;CBIN-SANTECH_IMP_MDU;Não escalados (QTD)  ;outubro;7;1
Itajaí;CBIN-SANTECH_IMP_MDU;Escalados (QTD) ;outubro;7;0
Itajaí;CBIN-SANTECH_IMP_MDU;% Escalados;outubro;7;0
Itajaí;CBIN-SANTECH_IMP_MDU;Não escalados (QTD)  ;outubro;6;1
Itajaí;CBIN-SANTECH_IMP_MDU;Escalados (QTD) ;outubro;6;0
Itajaí;CBIN-SANTECH_IMP_MDU;% Escalados;outubro;6;0
Itajaí;CBIN-SANTECH_IMP_MDU;Não escalados (QTD)  ;outubro;5;1
Itajaí;CBIN-SANTECH_IMP_MDU;Escalados (QTD) ;outubro;5;0
Itajaí;CBIN-SANTECH_IMP_MDU;% Escalados;outubro;5;0
Itajaí;CBIN-SANTECH_IMP_MDU;Não escalados (QTD)  ;outubro;4;1
Itajaí;CBIN-SANTECH_IMP_MDU;Escalados (QTD) ;outubro;4;0
Itajaí;CBIN-SANTECH_IMP_MDU;% Escalados;outubro;4;0
Itajaí;CBIN-SANTECH_IMP_MDU;Não escalados (QTD)  ;outubro;3;1
Itajaí;CBIN-SANTECH_IMP_MDU;Escalados (QTD) ;outubro;3;0
Itajaí;CBIN-SANTECH_IMP_MDU;% Escalados;outubro;3;0
Itajaí;CBIN-SANTECH_IMP_MDU;Não escalados (QTD)  ;outubro;2;1
Itajaí;CBIN-SANTECH_IMP_MDU;Escalados (QTD) ;outubro;2;0
Itajaí;CBIN-SANTECH_IMP_MDU;% Escalados;outubro;2;0
Itajaí;CBIN-SANTECH_IMP_MDU;Não escalados (QTD)  ;outubro;1;1
Itajaí;CBIN-SANTECH_IMP_MDU;Escalados (QTD) ;outubro;1;0
Itajaí;CBIN-SANTECH_IMP_MDU;% Escalados;outubro;1;0
Itajaí;CBW-VGASAT;Não escalados (QTD)  ;outubro;7;2
Itajaí;CBW-VGASAT;Escalados (QTD) ;outubro;7;4
Itajaí;CBW-VGASAT;% Escalados;outubro;7;0,666666667
Itajaí;CBW-VGASAT;Não escalados (QTD)  ;outubro;6;3
Itajaí;CBW-VGASAT;Escalados (QTD) ;outubro;6;3
Itajaí;CBW-VGASAT;% Escalados;outubro;6;0,5
Itajaí;CBW-VGASAT;Não escalados (QTD)  ;outubro;5;1
Itajaí;CBW-VGASAT;Escalados (QTD) ;outubro;5;5
Itajaí;CBW-VGASAT;% Escalados;outubro;5;0,833333333
Itajaí;CBW-VGASAT;Não escalados (QTD)  ;outubro;4;5
Itajaí;CBW-VGASAT;Escalados (QTD) ;outubro;4;1
Itajaí;CBW-VGASAT;% Escalados;outubro;4;0,166666667
Itajaí;CBW-VGASAT;Não escalados (QTD)  ;outubro;3;1
Itajaí;CBW-VGASAT;Escalados (QTD) ;outubro;3;5
Itajaí;CBW-VGASAT;% Escalados;outubro;3;0,833333333
Itajaí;CBW-VGASAT;Não escalados (QTD)  ;outubro;2;1
Itajaí;CBW-VGASAT;Escalados (QTD) ;outubro;2;5
Itajaí;CBW-VGASAT;% Escalados;outubro;2;0,833333333
Itajaí;CBW-VGASAT;Não escalados (QTD)  ;outubro;1;2
Itajaí;CBW-VGASAT;Escalados (QTD) ;outubro;1;4
Itajaí;CBW-VGASAT;% Escalados;outubro;1;0,666666667
Itajaí;IAI-MM;Não escalados (QTD)  ;outubro;7;3
Itajaí;IAI-MM;Escalados (QTD) ;outubro;7;10
Itajaí;IAI-MM;% Escalados;outubro;7;0,769230769
Itajaí;IAI-MM;Não escalados (QTD)  ;outubro;6;3
Itajaí;IAI-MM;Escalados (QTD) ;outubro;6;10
Itajaí;IAI-MM;% Escalados;outubro;6;0,769230769
Itajaí;IAI-MM;Não escalados (QTD)  ;outubro;5;2
Itajaí;IAI-MM;Escalados (QTD) ;outubro;5;11
Itajaí;IAI-MM;% Escalados;outubro;5;0,846153846
Itajaí;IAI-MM;Não escalados (QTD)  ;outubro;4;3
Itajaí;IAI-MM;Escalados (QTD) ;outubro;4;1
Itajaí;IAI-MM;% Escalados;outubro;4;0,25
Itajaí;IAI-MM;Não escalados (QTD)  ;outubro;3;6
Itajaí;IAI-MM;Escalados (QTD) ;outubro;3;7
Itajaí;IAI-MM;% Escalados;outubro;3;0,538461538
Itajaí;IAI-MM;Não escalados (QTD)  ;outubro;2;2
Itajaí;IAI-MM;Escalados (QTD) ;outubro;2;11
Itajaí;IAI-MM;% Escalados;outubro;2;0,846153846
Itajaí;IAI-MM;Não escalados (QTD)  ;outubro;1;3
Itajaí;IAI-MM;Escalados (QTD) ;outubro;1;10
Itajaí;IAI-MM;% Escalados;outubro;1;0,769230769
Itajaí;IAI-SANTECH;Não escalados (QTD)  ;outubro;7;2
Itajaí;IAI-SANTECH;Escalados (QTD) ;outubro;7;7
Itajaí;IAI-SANTECH;% Escalados;outubro;7;0,777777778
Itajaí;IAI-SANTECH;Não escalados (QTD)  ;outubro;6;2
Itajaí;IAI-SANTECH;Escalados (QTD) ;outubro;6;7
Itajaí;IAI-SANTECH;% Escalados;outubro;6;0,777777778
Itajaí;IAI-SANTECH;Não escalados (QTD)  ;outubro;5;3
Itajaí;IAI-SANTECH;Escalados (QTD) ;outubro;5;6
Itajaí;IAI-SANTECH;% Escalados;outubro;5;0,666666667
Itajaí;IAI-SANTECH;Não escalados (QTD)  ;outubro;4;3
Itajaí;IAI-SANTECH;Escalados (QTD) ;outubro;4;1
Itajaí;IAI-SANTECH;% Escalados;outubro;4;0,25
Itajaí;IAI-SANTECH;Não escalados (QTD)  ;outubro;3;4
Itajaí;IAI-SANTECH;Escalados (QTD) ;outubro;3;5
Itajaí;IAI-SANTECH;% Escalados;outubro;3;0,555555556
Itajaí;IAI-SANTECH;Não escalados (QTD)  ;outubro;2;1
Itajaí;IAI-SANTECH;Escalados (QTD) ;outubro;2;8
Itajaí;IAI-SANTECH;% Escalados;outubro;2;0,888888889
Itajaí;IAI-SANTECH;Não escalados (QTD)  ;outubro;1;1
Itajaí;IAI-SANTECH;Escalados (QTD) ;outubro;1;8
Itajaí;IAI-SANTECH;% Escalados;outubro;1;0,888888889
Itajaí;IEA-VGASAT;Não escalados (QTD)  ;outubro;7;1
Itajaí;IEA-VGASAT;Escalados (QTD) ;outubro;7;3
Itajaí;IEA-VGASAT;% Escalados;outubro;7;0,75
Itajaí;IEA-VGASAT;Não escalados (QTD)  ;outubro;6;0
Itajaí;IEA-VGASAT;Escalados (QTD) ;outubro;6;4
Itajaí;IEA-VGASAT;% Escalados;outubro;6;1
Itajaí;IEA-VGASAT;Não escalados (QTD)  ;outubro;5;0
Itajaí;IEA-VGASAT;Escalados (QTD) ;outubro;5;4
Itajaí;IEA-VGASAT;% Escalados;outubro;5;1
Itajaí;IEA-VGASAT;Não escalados (QTD)  ;outubro;4;3
Itajaí;IEA-VGASAT;Escalados (QTD) ;outubro;4;1
Itajaí;IEA-VGASAT;% Escalados;outubro;4;0,25
Itajaí;IEA-VGASAT;Não escalados (QTD)  ;outubro;3;1
Itajaí;IEA-VGASAT;Escalados (QTD) ;outubro;3;3
Itajaí;IEA-VGASAT;% Escalados;outubro;3;0,75
Itajaí;IEA-VGASAT;Não escalados (QTD)  ;outubro;2;1
Itajaí;IEA-VGASAT;Escalados (QTD) ;outubro;2;3
Itajaí;IEA-VGASAT;% Escalados;outubro;2;0,75
Itajaí;IEA-VGASAT;Não escalados (QTD)  ;outubro;1;0
Itajaí;IEA-VGASAT;Escalados (QTD) ;outubro;1;4
Itajaí;IEA-VGASAT;% Escalados;outubro;1;1
Itajaí;NVG-SANTECH;Não escalados (QTD)  ;outubro;7;0
Itajaí;NVG-SANTECH;Escalados (QTD) ;outubro;7;1
Itajaí;NVG-SANTECH;% Escalados;outubro;7;1
Itajaí;NVG-SANTECH;Não escalados (QTD)  ;outubro;6;0
Itajaí;NVG-SANTECH;Escalados (QTD) ;outubro;6;1
Itajaí;NVG-SANTECH;% Escalados;outubro;6;1
Itajaí;NVG-SANTECH;Não escalados (QTD)  ;outubro;5;1
Itajaí;NVG-SANTECH;Escalados (QTD) ;outubro;5;0
Itajaí;NVG-SANTECH;% Escalados;outubro;5;0
Itajaí;NVG-SANTECH;Não escalados (QTD)  ;outubro;3;0
Itajaí;NVG-SANTECH;Escalados (QTD) ;outubro;3;1
Itajaí;NVG-SANTECH;% Escalados;outubro;3;1
Itajaí;NVG-SANTECH;Não escalados (QTD)  ;outubro;2;0
Itajaí;NVG-SANTECH;Escalados (QTD) ;outubro;2;1
Itajaí;NVG-SANTECH;% Escalados;outubro;2;1
Itajaí;NVG-SANTECH;Não escalados (QTD)  ;outubro;1;0
Itajaí;NVG-SANTECH;Escalados (QTD) ;outubro;1;1
Itajaí;NVG-SANTECH;% Escalados;outubro;1;1
Jaraguá do Sul;GJS-VILLETEC;Não escalados (QTD)  ;outubro;7;1
Jaraguá do Sul;GJS-VILLETEC;Escalados (QTD) ;outubro;7;6
Jaraguá do Sul;GJS-VILLETEC;% Escalados;outubro;7;0,857142857
Jaraguá do Sul;GJS-VILLETEC;Não escalados (QTD)  ;outubro;6;1
Jaraguá do Sul;GJS-VILLETEC;Escalados (QTD) ;outubro;6;6
Jaraguá do Sul;GJS-VILLETEC;% Escalados;outubro;6;0,857142857
Jaraguá do Sul;GJS-VILLETEC;Não escalados (QTD)  ;outubro;5;2
Jaraguá do Sul;GJS-VILLETEC;Escalados (QTD) ;outubro;5;5
Jaraguá do Sul;GJS-VILLETEC;% Escalados;outubro;5;0,714285714
Jaraguá do Sul;GJS-VILLETEC;Não escalados (QTD)  ;outubro;4;1
Jaraguá do Sul;GJS-VILLETEC;Escalados (QTD) ;outubro;4;1
Jaraguá do Sul;GJS-VILLETEC;% Escalados;outubro;4;0,5
Jaraguá do Sul;GJS-VILLETEC;Não escalados (QTD)  ;outubro;3;1
Jaraguá do Sul;GJS-VILLETEC;Escalados (QTD) ;outubro;3;6
Jaraguá do Sul;GJS-VILLETEC;% Escalados;outubro;3;0,857142857
Jaraguá do Sul;GJS-VILLETEC;Não escalados (QTD)  ;outubro;2;0
Jaraguá do Sul;GJS-VILLETEC;Escalados (QTD) ;outubro;2;7
Jaraguá do Sul;GJS-VILLETEC;% Escalados;outubro;2;1
Jaraguá do Sul;GJS-VILLETEC;Não escalados (QTD)  ;outubro;1;0
Jaraguá do Sul;GJS-VILLETEC;Escalados (QTD) ;outubro;1;7
Jaraguá do Sul;GJS-VILLETEC;% Escalados;outubro;1;1
Jaraguá do Sul;SFS-VILLETEC;Não escalados (QTD)  ;outubro;7;0
Jaraguá do Sul;SFS-VILLETEC;Escalados (QTD) ;outubro;7;3
Jaraguá do Sul;SFS-VILLETEC;% Escalados;outubro;7;1
Jaraguá do Sul;SFS-VILLETEC;Não escalados (QTD)  ;outubro;6;0
Jaraguá do Sul;SFS-VILLETEC;Escalados (QTD) ;outubro;6;3
Jaraguá do Sul;SFS-VILLETEC;% Escalados;outubro;6;1
Jaraguá do Sul;SFS-VILLETEC;Não escalados (QTD)  ;outubro;5;0
Jaraguá do Sul;SFS-VILLETEC;Escalados (QTD) ;outubro;5;3
Jaraguá do Sul;SFS-VILLETEC;% Escalados;outubro;5;1
Jaraguá do Sul;SFS-VILLETEC;Não escalados (QTD)  ;outubro;4;0
Jaraguá do Sul;SFS-VILLETEC;Escalados (QTD) ;outubro;4;1
Jaraguá do Sul;SFS-VILLETEC;% Escalados;outubro;4;1
Jaraguá do Sul;SFS-VILLETEC;Não escalados (QTD)  ;outubro;3;0
Jaraguá do Sul;SFS-VILLETEC;Escalados (QTD) ;outubro;3;3
Jaraguá do Sul;SFS-VILLETEC;% Escalados;outubro;3;1
Jaraguá do Sul;SFS-VILLETEC;Não escalados (QTD)  ;outubro;2;1
Jaraguá do Sul;SFS-VILLETEC;Escalados (QTD) ;outubro;2;2
Jaraguá do Sul;SFS-VILLETEC;% Escalados;outubro;2;0,666666667
Jaraguá do Sul;SFS-VILLETEC;Não escalados (QTD)  ;outubro;1;0
Jaraguá do Sul;SFS-VILLETEC;Escalados (QTD) ;outubro;1;3
Jaraguá do Sul;SFS-VILLETEC;% Escalados;outubro;1;1
Joaçaba;CFV-EQS;Não escalados (QTD)  ;outubro;7;1
Joaçaba;CFV-EQS;Escalados (QTD) ;outubro;7;5
Joaçaba;CFV-EQS;% Escalados;outubro;7;0,833333333
Joaçaba;CFV-EQS;Não escalados (QTD)  ;outubro;6;1
Joaçaba;CFV-EQS;Escalados (QTD) ;outubro;6;5
Joaçaba;CFV-EQS;% Escalados;outubro;6;0,833333333
Joaçaba;CFV-EQS;Não escalados (QTD)  ;outubro;5;1
Joaçaba;CFV-EQS;Escalados (QTD) ;outubro;5;5
Joaçaba;CFV-EQS;% Escalados;outubro;5;0,833333333
Joaçaba;CFV-EQS;Não escalados (QTD)  ;outubro;4;6
Joaçaba;CFV-EQS;Escalados (QTD) ;outubro;4;0
Joaçaba;CFV-EQS;% Escalados;outubro;4;0
Joaçaba;CFV-EQS;Não escalados (QTD)  ;outubro;3;2
Joaçaba;CFV-EQS;Escalados (QTD) ;outubro;3;4
Joaçaba;CFV-EQS;% Escalados;outubro;3;0,666666667
Joaçaba;CFV-EQS;Não escalados (QTD)  ;outubro;2;0
Joaçaba;CFV-EQS;Escalados (QTD) ;outubro;2;6
Joaçaba;CFV-EQS;% Escalados;outubro;2;1
Joaçaba;CFV-EQS;Não escalados (QTD)  ;outubro;1;2
Joaçaba;CFV-EQS;Escalados (QTD) ;outubro;1;4
Joaçaba;CFV-EQS;% Escalados;outubro;1;0,666666667
Joaçaba;JCHV-EQS;Não escalados (QTD)  ;outubro;7;1
Joaçaba;JCHV-EQS;Escalados (QTD) ;outubro;7;1
Joaçaba;JCHV-EQS;% Escalados;outubro;7;0,5
Joaçaba;JCHV-EQS;Não escalados (QTD)  ;outubro;6;0
Joaçaba;JCHV-EQS;Escalados (QTD) ;outubro;6;2
Joaçaba;JCHV-EQS;% Escalados;outubro;6;1
Joaçaba;JCHV-EQS;Não escalados (QTD)  ;outubro;5;0
Joaçaba;JCHV-EQS;Escalados (QTD) ;outubro;5;2
Joaçaba;JCHV-EQS;% Escalados;outubro;5;1
Joaçaba;JCHV-EQS;Não escalados (QTD)  ;outubro;4;2
Joaçaba;JCHV-EQS;Escalados (QTD) ;outubro;4;0
Joaçaba;JCHV-EQS;% Escalados;outubro;4;0
Joaçaba;JCHV-EQS;Não escalados (QTD)  ;outubro;3;1
Joaçaba;JCHV-EQS;Escalados (QTD) ;outubro;3;1
Joaçaba;JCHV-EQS;% Escalados;outubro;3;0,5
Joaçaba;JCHV-EQS;Não escalados (QTD)  ;outubro;2;1
Joaçaba;JCHV-EQS;Escalados (QTD) ;outubro;2;1
Joaçaba;JCHV-EQS;% Escalados;outubro;2;0,5
Joaçaba;JCHV-EQS;Não escalados (QTD)  ;outubro;1;1
Joaçaba;JCHV-EQS;Escalados (QTD) ;outubro;1;1
Joaçaba;JCHV-EQS;% Escalados;outubro;1;0,5
Joinville;JOI-SANTECH;Não escalados (QTD)  ;outubro;7;4
Joinville;JOI-SANTECH;Escalados (QTD) ;outubro;7;6
Joinville;JOI-SANTECH;% Escalados;outubro;7;0,6
Joinville;JOI-SANTECH;Não escalados (QTD)  ;outubro;6;3
Joinville;JOI-SANTECH;Escalados (QTD) ;outubro;6;7
Joinville;JOI-SANTECH;% Escalados;outubro;6;0,7
Joinville;JOI-SANTECH;Não escalados (QTD)  ;outubro;5;3
Joinville;JOI-SANTECH;Escalados (QTD) ;outubro;5;7
Joinville;JOI-SANTECH;% Escalados;outubro;5;0,7
Joinville;JOI-SANTECH;Não escalados (QTD)  ;outubro;4;9
Joinville;JOI-SANTECH;Escalados (QTD) ;outubro;4;1
Joinville;JOI-SANTECH;% Escalados;outubro;4;0,1
Joinville;JOI-SANTECH;Não escalados (QTD)  ;outubro;3;3
Joinville;JOI-SANTECH;Escalados (QTD) ;outubro;3;7
Joinville;JOI-SANTECH;% Escalados;outubro;3;0,7
Joinville;JOI-SANTECH;Não escalados (QTD)  ;outubro;2;2
Joinville;JOI-SANTECH;Escalados (QTD) ;outubro;2;8
Joinville;JOI-SANTECH;% Escalados;outubro;2;0,8
Joinville;JOI-SANTECH;Não escalados (QTD)  ;outubro;1;2
Joinville;JOI-SANTECH;Escalados (QTD) ;outubro;1;8
Joinville;JOI-SANTECH;% Escalados;outubro;1;0,8
Joinville;JOI-VGASAT;Não escalados (QTD)  ;outubro;7;6
Joinville;JOI-VGASAT;Escalados (QTD) ;outubro;7;34
Joinville;JOI-VGASAT;% Escalados;outubro;7;0,85
Joinville;JOI-VGASAT;Não escalados (QTD)  ;outubro;6;6
Joinville;JOI-VGASAT;Escalados (QTD) ;outubro;6;34
Joinville;JOI-VGASAT;% Escalados;outubro;6;0,85
Joinville;JOI-VGASAT;Não escalados (QTD)  ;outubro;5;4
Joinville;JOI-VGASAT;Escalados (QTD) ;outubro;5;36
Joinville;JOI-VGASAT;% Escalados;outubro;5;0,9
Joinville;JOI-VGASAT;Não escalados (QTD)  ;outubro;4;1
Joinville;JOI-VGASAT;Escalados (QTD) ;outubro;4;1
Joinville;JOI-VGASAT;% Escalados;outubro;4;0,5
Joinville;JOI-VGASAT;Não escalados (QTD)  ;outubro;3;21
Joinville;JOI-VGASAT;Escalados (QTD) ;outubro;3;19
Joinville;JOI-VGASAT;% Escalados;outubro;3;0,475
Joinville;JOI-VGASAT;Não escalados (QTD)  ;outubro;2;5
Joinville;JOI-VGASAT;Escalados (QTD) ;outubro;2;35
Joinville;JOI-VGASAT;% Escalados;outubro;2;0,875
Joinville;JOI-VGASAT;Não escalados (QTD)  ;outubro;1;4
Joinville;JOI-VGASAT;Escalados (QTD) ;outubro;1;36
Joinville;JOI-VGASAT;% Escalados;outubro;1;0,9
Joinville;JOI-VILLETEC;Não escalados (QTD)  ;outubro;7;3
Joinville;JOI-VILLETEC;Escalados (QTD) ;outubro;7;13
Joinville;JOI-VILLETEC;% Escalados;outubro;7;0,8125
Joinville;JOI-VILLETEC;Não escalados (QTD)  ;outubro;6;1
Joinville;JOI-VILLETEC;Escalados (QTD) ;outubro;6;15
Joinville;JOI-VILLETEC;% Escalados;outubro;6;0,9375
Joinville;JOI-VILLETEC;Não escalados (QTD)  ;outubro;5;3
Joinville;JOI-VILLETEC;Escalados (QTD) ;outubro;5;13
Joinville;JOI-VILLETEC;% Escalados;outubro;5;0,8125
Joinville;JOI-VILLETEC;Não escalados (QTD)  ;outubro;4;0
Joinville;JOI-VILLETEC;Escalados (QTD) ;outubro;4;1
Joinville;JOI-VILLETEC;% Escalados;outubro;4;1
Joinville;JOI-VILLETEC;Não escalados (QTD)  ;outubro;3;1
Joinville;JOI-VILLETEC;Escalados (QTD) ;outubro;3;13
Joinville;JOI-VILLETEC;% Escalados;outubro;3;0,928571429
Joinville;JOI-VILLETEC;Não escalados (QTD)  ;outubro;2;3
Joinville;JOI-VILLETEC;Escalados (QTD) ;outubro;2;13
Joinville;JOI-VILLETEC;% Escalados;outubro;2;0,8125
Joinville;JOI-VILLETEC;Não escalados (QTD)  ;outubro;1;3
Joinville;JOI-VILLETEC;Escalados (QTD) ;outubro;1;13
Joinville;JOI-VILLETEC;% Escalados;outubro;1;0,8125
Lages;LGS-EQS;Não escalados (QTD)  ;outubro;7;7
Lages;LGS-EQS;Escalados (QTD) ;outubro;7;7
Lages;LGS-EQS;% Escalados;outubro;7;0,5
Lages;LGS-EQS;Não escalados (QTD)  ;outubro;6;6
Lages;LGS-EQS;Escalados (QTD) ;outubro;6;8
Lages;LGS-EQS;% Escalados;outubro;6;0,571428571
Lages;LGS-EQS;Não escalados (QTD)  ;outubro;5;3
Lages;LGS-EQS;Escalados (QTD) ;outubro;5;11
Lages;LGS-EQS;% Escalados;outubro;5;0,785714286
Lages;LGS-EQS;Não escalados (QTD)  ;outubro;4;13
Lages;LGS-EQS;Escalados (QTD) ;outubro;4;1
Lages;LGS-EQS;% Escalados;outubro;4;0,071428571
Lages;LGS-EQS;Não escalados (QTD)  ;outubro;3;4
Lages;LGS-EQS;Escalados (QTD) ;outubro;3;10
Lages;LGS-EQS;% Escalados;outubro;3;0,714285714
Lages;LGS-EQS;Não escalados (QTD)  ;outubro;2;4
Lages;LGS-EQS;Escalados (QTD) ;outubro;2;10
Lages;LGS-EQS;% Escalados;outubro;2;0,714285714
Lages;LGS-EQS;Não escalados (QTD)  ;outubro;1;5
Lages;LGS-EQS;Escalados (QTD) ;outubro;1;9
Lages;LGS-EQS;% Escalados;outubro;1;0,642857143
Londrina;APU-VIA_TELECOM;Não escalados (QTD)  ;outubro;7;0
Londrina;APU-VIA_TELECOM;Escalados (QTD) ;outubro;7;2
Londrina;APU-VIA_TELECOM;% Escalados;outubro;7;1
Londrina;APU-VIA_TELECOM;Não escalados (QTD)  ;outubro;6;1
Londrina;APU-VIA_TELECOM;Escalados (QTD) ;outubro;6;1
Londrina;APU-VIA_TELECOM;% Escalados;outubro;6;0,5
Londrina;APU-VIA_TELECOM;Não escalados (QTD)  ;outubro;5;0
Londrina;APU-VIA_TELECOM;Escalados (QTD) ;outubro;5;2
Londrina;APU-VIA_TELECOM;% Escalados;outubro;5;1
Londrina;APU-VIA_TELECOM;Não escalados (QTD)  ;outubro;3;1
Londrina;APU-VIA_TELECOM;Escalados (QTD) ;outubro;3;1
Londrina;APU-VIA_TELECOM;% Escalados;outubro;3;0,5
Londrina;APU-VIA_TELECOM;Não escalados (QTD)  ;outubro;2;1
Londrina;APU-VIA_TELECOM;Escalados (QTD) ;outubro;2;1
Londrina;APU-VIA_TELECOM;% Escalados;outubro;2;0,5
Londrina;APU-VIA_TELECOM;Não escalados (QTD)  ;outubro;1;0
Londrina;APU-VIA_TELECOM;Escalados (QTD) ;outubro;1;2
Londrina;APU-VIA_TELECOM;% Escalados;outubro;1;1
Londrina;ARA-EQS;Não escalados (QTD)  ;outubro;7;1
Londrina;ARA-EQS;Escalados (QTD) ;outubro;7;3
Londrina;ARA-EQS;% Escalados;outubro;7;0,75
Londrina;ARA-EQS;Não escalados (QTD)  ;outubro;6;3
Londrina;ARA-EQS;Escalados (QTD) ;outubro;6;1
Londrina;ARA-EQS;% Escalados;outubro;6;0,25
Londrina;ARA-EQS;Não escalados (QTD)  ;outubro;5;2
Londrina;ARA-EQS;Escalados (QTD) ;outubro;5;2
Londrina;ARA-EQS;% Escalados;outubro;5;0,5
Londrina;ARA-EQS;Não escalados (QTD)  ;outubro;4;3
Londrina;ARA-EQS;Escalados (QTD) ;outubro;4;1
Londrina;ARA-EQS;% Escalados;outubro;4;0,25
Londrina;ARA-EQS;Não escalados (QTD)  ;outubro;3;1
Londrina;ARA-EQS;Escalados (QTD) ;outubro;3;3
Londrina;ARA-EQS;% Escalados;outubro;3;0,75
Londrina;ARA-EQS;Não escalados (QTD)  ;outubro;2;1
Londrina;ARA-EQS;Escalados (QTD) ;outubro;2;3
Londrina;ARA-EQS;% Escalados;outubro;2;0,75
Londrina;ARA-EQS;Não escalados (QTD)  ;outubro;1;1
Londrina;ARA-EQS;Escalados (QTD) ;outubro;1;3
Londrina;ARA-EQS;% Escalados;outubro;1;0,75
Londrina;ARA-PRISMA;Não escalados (QTD)  ;outubro;7;3
Londrina;ARA-PRISMA;Escalados (QTD) ;outubro;7;0
Londrina;ARA-PRISMA;% Escalados;outubro;7;0
Londrina;ARA-PRISMA;Não escalados (QTD)  ;outubro;6;3
Londrina;ARA-PRISMA;Escalados (QTD) ;outubro;6;0
Londrina;ARA-PRISMA;% Escalados;outubro;6;0
Londrina;ARA-PRISMA;Não escalados (QTD)  ;outubro;5;3
Londrina;ARA-PRISMA;Escalados (QTD) ;outubro;5;0
Londrina;ARA-PRISMA;% Escalados;outubro;5;0
Londrina;ARA-PRISMA;Não escalados (QTD)  ;outubro;4;3
Londrina;ARA-PRISMA;Escalados (QTD) ;outubro;4;0
Londrina;ARA-PRISMA;% Escalados;outubro;4;0
Londrina;ARA-PRISMA;Não escalados (QTD)  ;outubro;3;3
Londrina;ARA-PRISMA;Escalados (QTD) ;outubro;3;0
Londrina;ARA-PRISMA;% Escalados;outubro;3;0
Londrina;ARA-PRISMA;Não escalados (QTD)  ;outubro;2;3
Londrina;ARA-PRISMA;Escalados (QTD) ;outubro;2;0
Londrina;ARA-PRISMA;% Escalados;outubro;2;0
Londrina;ARA-PRISMA;Não escalados (QTD)  ;outubro;1;2
Londrina;ARA-PRISMA;Escalados (QTD) ;outubro;1;1
Londrina;ARA-PRISMA;% Escalados;outubro;1;0,333333333
Londrina;CAB-VIA_TELECOM;Não escalados (QTD)  ;outubro;7;0
Londrina;CAB-VIA_TELECOM;Escalados (QTD) ;outubro;7;6
Londrina;CAB-VIA_TELECOM;% Escalados;outubro;7;1
Londrina;CAB-VIA_TELECOM;Não escalados (QTD)  ;outubro;6;1
Londrina;CAB-VIA_TELECOM;Escalados (QTD) ;outubro;6;5
Londrina;CAB-VIA_TELECOM;% Escalados;outubro;6;0,833333333
Londrina;CAB-VIA_TELECOM;Não escalados (QTD)  ;outubro;5;1
Londrina;CAB-VIA_TELECOM;Escalados (QTD) ;outubro;5;5
Londrina;CAB-VIA_TELECOM;% Escalados;outubro;5;0,833333333
Londrina;CAB-VIA_TELECOM;Não escalados (QTD)  ;outubro;4;3
Londrina;CAB-VIA_TELECOM;Escalados (QTD) ;outubro;4;1
Londrina;CAB-VIA_TELECOM;% Escalados;outubro;4;0,25
Londrina;CAB-VIA_TELECOM;Não escalados (QTD)  ;outubro;3;1
Londrina;CAB-VIA_TELECOM;Escalados (QTD) ;outubro;3;5
Londrina;CAB-VIA_TELECOM;% Escalados;outubro;3;0,833333333
Londrina;CAB-VIA_TELECOM;Não escalados (QTD)  ;outubro;2;0
Londrina;CAB-VIA_TELECOM;Escalados (QTD) ;outubro;2;6
Londrina;CAB-VIA_TELECOM;% Escalados;outubro;2;1
Londrina;CAB-VIA_TELECOM;Não escalados (QTD)  ;outubro;1;0
Londrina;CAB-VIA_TELECOM;Escalados (QTD) ;outubro;1;6
Londrina;CAB-VIA_TELECOM;% Escalados;outubro;1;1
Londrina;CPP-VIA_TELECOM;Não escalados (QTD)  ;outubro;7;0
Londrina;CPP-VIA_TELECOM;Escalados (QTD) ;outubro;7;2
Londrina;CPP-VIA_TELECOM;% Escalados;outubro;7;1
Londrina;CPP-VIA_TELECOM;Não escalados (QTD)  ;outubro;6;0
Londrina;CPP-VIA_TELECOM;Escalados (QTD) ;outubro;6;2
Londrina;CPP-VIA_TELECOM;% Escalados;outubro;6;1
Londrina;CPP-VIA_TELECOM;Não escalados (QTD)  ;outubro;5;0
Londrina;CPP-VIA_TELECOM;Escalados (QTD) ;outubro;5;2
Londrina;CPP-VIA_TELECOM;% Escalados;outubro;5;1
Londrina;CPP-VIA_TELECOM;Não escalados (QTD)  ;outubro;3;1
Londrina;CPP-VIA_TELECOM;Escalados (QTD) ;outubro;3;1
Londrina;CPP-VIA_TELECOM;% Escalados;outubro;3;0,5
Londrina;CPP-VIA_TELECOM;Não escalados (QTD)  ;outubro;2;0
Londrina;CPP-VIA_TELECOM;Escalados (QTD) ;outubro;2;2
Londrina;CPP-VIA_TELECOM;% Escalados;outubro;2;1
Londrina;CPP-VIA_TELECOM;Não escalados (QTD)  ;outubro;1;0
Londrina;CPP-VIA_TELECOM;Escalados (QTD) ;outubro;1;2
Londrina;CPP-VIA_TELECOM;% Escalados;outubro;1;1
Londrina;IOR-VIA_TELECOM;Não escalados (QTD)  ;outubro;7;0
Londrina;IOR-VIA_TELECOM;Escalados (QTD) ;outubro;7;2
Londrina;IOR-VIA_TELECOM;% Escalados;outubro;7;1
Londrina;IOR-VIA_TELECOM;Não escalados (QTD)  ;outubro;6;0
Londrina;IOR-VIA_TELECOM;Escalados (QTD) ;outubro;6;2
Londrina;IOR-VIA_TELECOM;% Escalados;outubro;6;1
Londrina;IOR-VIA_TELECOM;Não escalados (QTD)  ;outubro;5;0
Londrina;IOR-VIA_TELECOM;Escalados (QTD) ;outubro;5;2
Londrina;IOR-VIA_TELECOM;% Escalados;outubro;5;1
Londrina;IOR-VIA_TELECOM;Não escalados (QTD)  ;outubro;3;0
Londrina;IOR-VIA_TELECOM;Escalados (QTD) ;outubro;3;2
Londrina;IOR-VIA_TELECOM;% Escalados;outubro;3;1
Londrina;IOR-VIA_TELECOM;Não escalados (QTD)  ;outubro;2;0
Londrina;IOR-VIA_TELECOM;Escalados (QTD) ;outubro;2;2
Londrina;IOR-VIA_TELECOM;% Escalados;outubro;2;1
Londrina;IOR-VIA_TELECOM;Não escalados (QTD)  ;outubro;1;0
Londrina;IOR-VIA_TELECOM;Escalados (QTD) ;outubro;1;2
Londrina;IOR-VIA_TELECOM;% Escalados;outubro;1;1
Londrina;LON-EQS;Não escalados (QTD)  ;outubro;7;10
Londrina;LON-EQS;Escalados (QTD) ;outubro;7;8
Londrina;LON-EQS;% Escalados;outubro;7;0,444444444
Londrina;LON-EQS;Não escalados (QTD)  ;outubro;6;6
Londrina;LON-EQS;Escalados (QTD) ;outubro;6;12
Londrina;LON-EQS;% Escalados;outubro;6;0,666666667
Londrina;LON-EQS;Não escalados (QTD)  ;outubro;5;5
Londrina;LON-EQS;Escalados (QTD) ;outubro;5;13
Londrina;LON-EQS;% Escalados;outubro;5;0,722222222
Londrina;LON-EQS;Não escalados (QTD)  ;outubro;4;17
Londrina;LON-EQS;Escalados (QTD) ;outubro;4;1
Londrina;LON-EQS;% Escalados;outubro;4;0,055555556
Londrina;LON-EQS;Não escalados (QTD)  ;outubro;3;7
Londrina;LON-EQS;Escalados (QTD) ;outubro;3;11
Londrina;LON-EQS;% Escalados;outubro;3;0,611111111
Londrina;LON-EQS;Não escalados (QTD)  ;outubro;2;7
Londrina;LON-EQS;Escalados (QTD) ;outubro;2;11
Londrina;LON-EQS;% Escalados;outubro;2;0,611111111
Londrina;LON-EQS;Não escalados (QTD)  ;outubro;1;6
Londrina;LON-EQS;Escalados (QTD) ;outubro;1;12
Londrina;LON-EQS;% Escalados;outubro;1;0,666666667
Londrina;LON-PRISMA;Não escalados (QTD)  ;outubro;7;1
Londrina;LON-PRISMA;Escalados (QTD) ;outubro;7;11
Londrina;LON-PRISMA;% Escalados;outubro;7;0,916666667
Londrina;LON-PRISMA;Não escalados (QTD)  ;outubro;6;1
Londrina;LON-PRISMA;Escalados (QTD) ;outubro;6;11
Londrina;LON-PRISMA;% Escalados;outubro;6;0,916666667
Londrina;LON-PRISMA;Não escalados (QTD)  ;outubro;5;2
Londrina;LON-PRISMA;Escalados (QTD) ;outubro;5;9
Londrina;LON-PRISMA;% Escalados;outubro;5;0,818181818
Londrina;LON-PRISMA;Não escalados (QTD)  ;outubro;4;4
Londrina;LON-PRISMA;Escalados (QTD) ;outubro;4;0
Londrina;LON-PRISMA;% Escalados;outubro;4;0
Londrina;LON-PRISMA;Não escalados (QTD)  ;outubro;3;1
Londrina;LON-PRISMA;Escalados (QTD) ;outubro;3;10
Londrina;LON-PRISMA;% Escalados;outubro;3;0,909090909
Londrina;LON-PRISMA;Não escalados (QTD)  ;outubro;2;3
Londrina;LON-PRISMA;Escalados (QTD) ;outubro;2;8
Londrina;LON-PRISMA;% Escalados;outubro;2;0,727272727
Londrina;LON-PRISMA;Não escalados (QTD)  ;outubro;1;3
Londrina;LON-PRISMA;Escalados (QTD) ;outubro;1;8
Londrina;LON-PRISMA;% Escalados;outubro;1;0,727272727
Londrina;LON-VIA TELECOM;Não escalados (QTD)  ;outubro;7;4
Londrina;LON-VIA TELECOM;Escalados (QTD) ;outubro;7;9
Londrina;LON-VIA TELECOM;% Escalados;outubro;7;0,692307692
Londrina;LON-VIA TELECOM;Não escalados (QTD)  ;outubro;6;4
Londrina;LON-VIA TELECOM;Escalados (QTD) ;outubro;6;9
Londrina;LON-VIA TELECOM;% Escalados;outubro;6;0,692307692
Londrina;LON-VIA TELECOM;Não escalados (QTD)  ;outubro;5;6
Londrina;LON-VIA TELECOM;Escalados (QTD) ;outubro;5;7
Londrina;LON-VIA TELECOM;% Escalados;outubro;5;0,538461538
Londrina;LON-VIA TELECOM;Não escalados (QTD)  ;outubro;4;7
Londrina;LON-VIA TELECOM;Escalados (QTD) ;outubro;4;1
Londrina;LON-VIA TELECOM;% Escalados;outubro;4;0,125
Londrina;LON-VIA TELECOM;Não escalados (QTD)  ;outubro;3;8
Londrina;LON-VIA TELECOM;Escalados (QTD) ;outubro;3;5
Londrina;LON-VIA TELECOM;% Escalados;outubro;3;0,384615385
Londrina;LON-VIA TELECOM;Não escalados (QTD)  ;outubro;2;5
Londrina;LON-VIA TELECOM;Escalados (QTD) ;outubro;2;8
Londrina;LON-VIA TELECOM;% Escalados;outubro;2;0,615384615
Londrina;LON-VIA TELECOM;Não escalados (QTD)  ;outubro;1;4
Londrina;LON-VIA TELECOM;Escalados (QTD) ;outubro;1;9
Londrina;LON-VIA TELECOM;% Escalados;outubro;1;0,692307692
Londrina;LON-VIA TELECOM_IMP_MDU;Não escalados (QTD)  ;outubro;7;1
Londrina;LON-VIA TELECOM_IMP_MDU;Escalados (QTD) ;outubro;7;0
Londrina;LON-VIA TELECOM_IMP_MDU;% Escalados;outubro;7;0
Londrina;LON-VIA TELECOM_IMP_MDU;Não escalados (QTD)  ;outubro;6;1
Londrina;LON-VIA TELECOM_IMP_MDU;Escalados (QTD) ;outubro;6;0
Londrina;LON-VIA TELECOM_IMP_MDU;% Escalados;outubro;6;0
Londrina;LON-VIA TELECOM_IMP_MDU;Não escalados (QTD)  ;outubro;5;1
Londrina;LON-VIA TELECOM_IMP_MDU;Escalados (QTD) ;outubro;5;0
Londrina;LON-VIA TELECOM_IMP_MDU;% Escalados;outubro;5;0
Londrina;LON-VIA TELECOM_IMP_MDU;Não escalados (QTD)  ;outubro;4;1
Londrina;LON-VIA TELECOM_IMP_MDU;Escalados (QTD) ;outubro;4;0
Londrina;LON-VIA TELECOM_IMP_MDU;% Escalados;outubro;4;0
Londrina;LON-VIA TELECOM_IMP_MDU;Não escalados (QTD)  ;outubro;3;1
Londrina;LON-VIA TELECOM_IMP_MDU;Escalados (QTD) ;outubro;3;0
Londrina;LON-VIA TELECOM_IMP_MDU;% Escalados;outubro;3;0
Londrina;LON-VIA TELECOM_IMP_MDU;Não escalados (QTD)  ;outubro;2;1
Londrina;LON-VIA TELECOM_IMP_MDU;Escalados (QTD) ;outubro;2;0
Londrina;LON-VIA TELECOM_IMP_MDU;% Escalados;outubro;2;0
Londrina;LON-VIA TELECOM_IMP_MDU;Não escalados (QTD)  ;outubro;1;1
Londrina;LON-VIA TELECOM_IMP_MDU;Escalados (QTD) ;outubro;1;0
Londrina;LON-VIA TELECOM_IMP_MDU;% Escalados;outubro;1;0
Londrina;RLA-VIA TELECOM;Não escalados (QTD)  ;outubro;7;1
Londrina;RLA-VIA TELECOM;Escalados (QTD) ;outubro;7;3
Londrina;RLA-VIA TELECOM;% Escalados;outubro;7;0,75
Londrina;RLA-VIA TELECOM;Não escalados (QTD)  ;outubro;6;1
Londrina;RLA-VIA TELECOM;Escalados (QTD) ;outubro;6;3
Londrina;RLA-VIA TELECOM;% Escalados;outubro;6;0,75
Londrina;RLA-VIA TELECOM;Não escalados (QTD)  ;outubro;5;3
Londrina;RLA-VIA TELECOM;Escalados (QTD) ;outubro;5;1
Londrina;RLA-VIA TELECOM;% Escalados;outubro;5;0,25
Londrina;RLA-VIA TELECOM;Não escalados (QTD)  ;outubro;4;1
Londrina;RLA-VIA TELECOM;Escalados (QTD) ;outubro;4;2
Londrina;RLA-VIA TELECOM;% Escalados;outubro;4;0,666666667
Londrina;RLA-VIA TELECOM;Não escalados (QTD)  ;outubro;3;2
Londrina;RLA-VIA TELECOM;Escalados (QTD) ;outubro;3;2
Londrina;RLA-VIA TELECOM;% Escalados;outubro;3;0,5
Londrina;RLA-VIA TELECOM;Não escalados (QTD)  ;outubro;2;2
Londrina;RLA-VIA TELECOM;Escalados (QTD) ;outubro;2;2
Londrina;RLA-VIA TELECOM;% Escalados;outubro;2;0,5
Londrina;RLA-VIA TELECOM;Não escalados (QTD)  ;outubro;1;1
Londrina;RLA-VIA TELECOM;Escalados (QTD) ;outubro;1;3
Londrina;RLA-VIA TELECOM;% Escalados;outubro;1;0,75
Maringá;CIA-AMARALSAT;Não escalados (QTD)  ;outubro;7;1
Maringá;CIA-AMARALSAT;Escalados (QTD) ;outubro;7;2
Maringá;CIA-AMARALSAT;% Escalados;outubro;7;0,666666667
Maringá;CIA-AMARALSAT;Não escalados (QTD)  ;outubro;6;1
Maringá;CIA-AMARALSAT;Escalados (QTD) ;outubro;6;2
Maringá;CIA-AMARALSAT;% Escalados;outubro;6;0,666666667
Maringá;CIA-AMARALSAT;Não escalados (QTD)  ;outubro;5;1
Maringá;CIA-AMARALSAT;Escalados (QTD) ;outubro;5;2
Maringá;CIA-AMARALSAT;% Escalados;outubro;5;0,666666667
Maringá;CIA-AMARALSAT;Não escalados (QTD)  ;outubro;4;2
Maringá;CIA-AMARALSAT;Escalados (QTD) ;outubro;4;1
Maringá;CIA-AMARALSAT;% Escalados;outubro;4;0,333333333
Maringá;CIA-AMARALSAT;Não escalados (QTD)  ;outubro;3;1
Maringá;CIA-AMARALSAT;Escalados (QTD) ;outubro;3;1
Maringá;CIA-AMARALSAT;% Escalados;outubro;3;0,5
Maringá;CIA-AMARALSAT;Não escalados (QTD)  ;outubro;2;1
Maringá;CIA-AMARALSAT;Escalados (QTD) ;outubro;2;2
Maringá;CIA-AMARALSAT;% Escalados;outubro;2;0,666666667
Maringá;CIA-AMARALSAT;Não escalados (QTD)  ;outubro;1;1
Maringá;CIA-AMARALSAT;Escalados (QTD) ;outubro;1;2
Maringá;CIA-AMARALSAT;% Escalados;outubro;1;0,666666667
Maringá;CPM-AMARALSAT;Não escalados (QTD)  ;outubro;7;0
Maringá;CPM-AMARALSAT;Escalados (QTD) ;outubro;7;2
Maringá;CPM-AMARALSAT;% Escalados;outubro;7;1
Maringá;CPM-AMARALSAT;Não escalados (QTD)  ;outubro;6;0
Maringá;CPM-AMARALSAT;Escalados (QTD) ;outubro;6;2
Maringá;CPM-AMARALSAT;% Escalados;outubro;6;1
Maringá;CPM-AMARALSAT;Não escalados (QTD)  ;outubro;5;0
Maringá;CPM-AMARALSAT;Escalados (QTD) ;outubro;5;2
Maringá;CPM-AMARALSAT;% Escalados;outubro;5;1
Maringá;CPM-AMARALSAT;Não escalados (QTD)  ;outubro;3;0
Maringá;CPM-AMARALSAT;Escalados (QTD) ;outubro;3;2
Maringá;CPM-AMARALSAT;% Escalados;outubro;3;1
Maringá;CPM-AMARALSAT;Não escalados (QTD)  ;outubro;2;1
Maringá;CPM-AMARALSAT;Escalados (QTD) ;outubro;2;1
Maringá;CPM-AMARALSAT;% Escalados;outubro;2;0,5
Maringá;CPM-AMARALSAT;Não escalados (QTD)  ;outubro;1;0
Maringá;CPM-AMARALSAT;Escalados (QTD) ;outubro;1;2
Maringá;CPM-AMARALSAT;% Escalados;outubro;1;1
Maringá;MGA-AMARALSAT;Não escalados (QTD)  ;outubro;7;1
Maringá;MGA-AMARALSAT;Escalados (QTD) ;outubro;7;4
Maringá;MGA-AMARALSAT;% Escalados;outubro;7;0,8
Maringá;MGA-AMARALSAT;Não escalados (QTD)  ;outubro;6;1
Maringá;MGA-AMARALSAT;Escalados (QTD) ;outubro;6;4
Maringá;MGA-AMARALSAT;% Escalados;outubro;6;0,8
Maringá;MGA-AMARALSAT;Não escalados (QTD)  ;outubro;5;1
Maringá;MGA-AMARALSAT;Escalados (QTD) ;outubro;5;3
Maringá;MGA-AMARALSAT;% Escalados;outubro;5;0,75
Maringá;MGA-AMARALSAT;Não escalados (QTD)  ;outubro;4;1
Maringá;MGA-AMARALSAT;Escalados (QTD) ;outubro;4;1
Maringá;MGA-AMARALSAT;% Escalados;outubro;4;0,5
Maringá;MGA-AMARALSAT;Não escalados (QTD)  ;outubro;3;1
Maringá;MGA-AMARALSAT;Escalados (QTD) ;outubro;3;4
Maringá;MGA-AMARALSAT;% Escalados;outubro;3;0,8
Maringá;MGA-AMARALSAT;Não escalados (QTD)  ;outubro;2;1
Maringá;MGA-AMARALSAT;Escalados (QTD) ;outubro;2;4
Maringá;MGA-AMARALSAT;% Escalados;outubro;2;0,8
Maringá;MGA-AMARALSAT;Não escalados (QTD)  ;outubro;1;1
Maringá;MGA-AMARALSAT;Escalados (QTD) ;outubro;1;4
Maringá;MGA-AMARALSAT;% Escalados;outubro;1;0,8
Maringá;MGA-EQS;Não escalados (QTD)  ;outubro;7;3
Maringá;MGA-EQS;Escalados (QTD) ;outubro;7;7
Maringá;MGA-EQS;% Escalados;outubro;7;0,7
Maringá;MGA-EQS;Não escalados (QTD)  ;outubro;6;2
Maringá;MGA-EQS;Escalados (QTD) ;outubro;6;8
Maringá;MGA-EQS;% Escalados;outubro;6;0,8
Maringá;MGA-EQS;Não escalados (QTD)  ;outubro;5;2
Maringá;MGA-EQS;Escalados (QTD) ;outubro;5;8
Maringá;MGA-EQS;% Escalados;outubro;5;0,8
Maringá;MGA-EQS;Não escalados (QTD)  ;outubro;4;9
Maringá;MGA-EQS;Escalados (QTD) ;outubro;4;1
Maringá;MGA-EQS;% Escalados;outubro;4;0,1
Maringá;MGA-EQS;Não escalados (QTD)  ;outubro;3;5
Maringá;MGA-EQS;Escalados (QTD) ;outubro;3;5
Maringá;MGA-EQS;% Escalados;outubro;3;0,5
Maringá;MGA-EQS;Não escalados (QTD)  ;outubro;2;4
Maringá;MGA-EQS;Escalados (QTD) ;outubro;2;6
Maringá;MGA-EQS;% Escalados;outubro;2;0,6
Maringá;MGA-EQS;Não escalados (QTD)  ;outubro;1;3
Maringá;MGA-EQS;Escalados (QTD) ;outubro;1;7
Maringá;MGA-EQS;% Escalados;outubro;1;0,7
Maringá;PNU-AMARALSAT;Não escalados (QTD)  ;outubro;7;0
Maringá;PNU-AMARALSAT;Escalados (QTD) ;outubro;7;1
Maringá;PNU-AMARALSAT;% Escalados;outubro;7;1
Maringá;PNU-AMARALSAT;Não escalados (QTD)  ;outubro;6;0
Maringá;PNU-AMARALSAT;Escalados (QTD) ;outubro;6;2
Maringá;PNU-AMARALSAT;% Escalados;outubro;6;1
Maringá;PNU-AMARALSAT;Não escalados (QTD)  ;outubro;5;0
Maringá;PNU-AMARALSAT;Escalados (QTD) ;outubro;5;1
Maringá;PNU-AMARALSAT;% Escalados;outubro;5;1
Maringá;PNU-AMARALSAT;Não escalados (QTD)  ;outubro;3;0
Maringá;PNU-AMARALSAT;Escalados (QTD) ;outubro;3;2
Maringá;PNU-AMARALSAT;% Escalados;outubro;3;1
Maringá;PNU-AMARALSAT;Não escalados (QTD)  ;outubro;2;0
Maringá;PNU-AMARALSAT;Escalados (QTD) ;outubro;2;2
Maringá;PNU-AMARALSAT;% Escalados;outubro;2;1
Maringá;PNU-AMARALSAT;Não escalados (QTD)  ;outubro;1;0
Maringá;PNU-AMARALSAT;Escalados (QTD) ;outubro;1;2
Maringá;PNU-AMARALSAT;% Escalados;outubro;1;1
Maringá;SWW-AMARALSAT;Não escalados (QTD)  ;outubro;7;1
Maringá;SWW-AMARALSAT;Escalados (QTD) ;outubro;7;1
Maringá;SWW-AMARALSAT;% Escalados;outubro;7;0,5
Maringá;SWW-AMARALSAT;Não escalados (QTD)  ;outubro;6;1
Maringá;SWW-AMARALSAT;Escalados (QTD) ;outubro;6;1
Maringá;SWW-AMARALSAT;% Escalados;outubro;6;0,5
Maringá;SWW-AMARALSAT;Não escalados (QTD)  ;outubro;5;1
Maringá;SWW-AMARALSAT;Escalados (QTD) ;outubro;5;1
Maringá;SWW-AMARALSAT;% Escalados;outubro;5;0,5
Maringá;SWW-AMARALSAT;Não escalados (QTD)  ;outubro;4;1
Maringá;SWW-AMARALSAT;Escalados (QTD) ;outubro;4;0
Maringá;SWW-AMARALSAT;% Escalados;outubro;4;0
Maringá;SWW-AMARALSAT;Não escalados (QTD)  ;outubro;3;0
Maringá;SWW-AMARALSAT;Escalados (QTD) ;outubro;3;2
Maringá;SWW-AMARALSAT;% Escalados;outubro;3;1
Maringá;SWW-AMARALSAT;Não escalados (QTD)  ;outubro;2;1
Maringá;SWW-AMARALSAT;Escalados (QTD) ;outubro;2;0
Maringá;SWW-AMARALSAT;% Escalados;outubro;2;0
Maringá;SWW-AMARALSAT;Não escalados (QTD)  ;outubro;1;1
Maringá;SWW-AMARALSAT;Escalados (QTD) ;outubro;1;1
Maringá;SWW-AMARALSAT;% Escalados;outubro;1;0,5
Maringá;UMR-AMARALSAT;Não escalados (QTD)  ;outubro;7;0
Maringá;UMR-AMARALSAT;Escalados (QTD) ;outubro;7;1
Maringá;UMR-AMARALSAT;% Escalados;outubro;7;1
Maringá;UMR-AMARALSAT;Não escalados (QTD)  ;outubro;6;0
Maringá;UMR-AMARALSAT;Escalados (QTD) ;outubro;6;1
Maringá;UMR-AMARALSAT;% Escalados;outubro;6;1
Maringá;UMR-AMARALSAT;Não escalados (QTD)  ;outubro;5;0
Maringá;UMR-AMARALSAT;Escalados (QTD) ;outubro;5;1
Maringá;UMR-AMARALSAT;% Escalados;outubro;5;1
Maringá;UMR-AMARALSAT;Não escalados (QTD)  ;outubro;3;0
Maringá;UMR-AMARALSAT;Escalados (QTD) ;outubro;3;1
Maringá;UMR-AMARALSAT;% Escalados;outubro;3;1
Maringá;UMR-AMARALSAT;Não escalados (QTD)  ;outubro;2;0
Maringá;UMR-AMARALSAT;Escalados (QTD) ;outubro;2;1
Maringá;UMR-AMARALSAT;% Escalados;outubro;2;1
Maringá;UMR-AMARALSAT;Não escalados (QTD)  ;outubro;1;0
Maringá;UMR-AMARALSAT;Escalados (QTD) ;outubro;1;1
Maringá;UMR-AMARALSAT;% Escalados;outubro;1;1
Paranaguá;GRU-EQS;Não escalados (QTD)  ;outubro;7;0
Paranaguá;GRU-EQS;Escalados (QTD) ;outubro;7;1
Paranaguá;GRU-EQS;% Escalados;outubro;7;1
Paranaguá;GRU-EQS;Não escalados (QTD)  ;outubro;6;0
Paranaguá;GRU-EQS;Escalados (QTD) ;outubro;6;1
Paranaguá;GRU-EQS;% Escalados;outubro;6;1
Paranaguá;GRU-EQS;Não escalados (QTD)  ;outubro;5;0
Paranaguá;GRU-EQS;Escalados (QTD) ;outubro;5;1
Paranaguá;GRU-EQS;% Escalados;outubro;5;1
Paranaguá;GRU-EQS;Não escalados (QTD)  ;outubro;3;0
Paranaguá;GRU-EQS;Escalados (QTD) ;outubro;3;1
Paranaguá;GRU-EQS;% Escalados;outubro;3;1
Paranaguá;GRU-EQS;Não escalados (QTD)  ;outubro;2;0
Paranaguá;GRU-EQS;Escalados (QTD) ;outubro;2;1
Paranaguá;GRU-EQS;% Escalados;outubro;2;1
Paranaguá;GRU-EQS;Não escalados (QTD)  ;outubro;1;0
Paranaguá;GRU-EQS;Escalados (QTD) ;outubro;1;1
Paranaguá;GRU-EQS;% Escalados;outubro;1;1
Paranaguá;PNG-EQS;Não escalados (QTD)  ;outubro;7;10
Paranaguá;PNG-EQS;Escalados (QTD) ;outubro;7;1
Paranaguá;PNG-EQS;% Escalados;outubro;7;0,090909091
Paranaguá;PNG-EQS;Não escalados (QTD)  ;outubro;6;2
Paranaguá;PNG-EQS;Escalados (QTD) ;outubro;6;9
Paranaguá;PNG-EQS;% Escalados;outubro;6;0,818181818
Paranaguá;PNG-EQS;Não escalados (QTD)  ;outubro;5;2
Paranaguá;PNG-EQS;Escalados (QTD) ;outubro;5;9
Paranaguá;PNG-EQS;% Escalados;outubro;5;0,818181818
Paranaguá;PNG-EQS;Não escalados (QTD)  ;outubro;4;2
Paranaguá;PNG-EQS;Escalados (QTD) ;outubro;4;1
Paranaguá;PNG-EQS;% Escalados;outubro;4;0,333333333
Paranaguá;PNG-EQS;Não escalados (QTD)  ;outubro;3;2
Paranaguá;PNG-EQS;Escalados (QTD) ;outubro;3;7
Paranaguá;PNG-EQS;% Escalados;outubro;3;0,777777778
Paranaguá;PNG-EQS;Não escalados (QTD)  ;outubro;2;2
Paranaguá;PNG-EQS;Escalados (QTD) ;outubro;2;9
Paranaguá;PNG-EQS;% Escalados;outubro;2;0,818181818
Paranaguá;PNG-EQS;Não escalados (QTD)  ;outubro;1;2
Paranaguá;PNG-EQS;Escalados (QTD) ;outubro;1;9
Paranaguá;PNG-EQS;% Escalados;outubro;1;0,818181818
Ponta Grossa;PTG-PRISMA;Não escalados (QTD)  ;outubro;7;3
Ponta Grossa;PTG-PRISMA;Escalados (QTD) ;outubro;7;9
Ponta Grossa;PTG-PRISMA;% Escalados;outubro;7;0,75
Ponta Grossa;PTG-PRISMA;Não escalados (QTD)  ;outubro;6;4
Ponta Grossa;PTG-PRISMA;Escalados (QTD) ;outubro;6;8
Ponta Grossa;PTG-PRISMA;% Escalados;outubro;6;0,666666667
Ponta Grossa;PTG-PRISMA;Não escalados (QTD)  ;outubro;5;3
Ponta Grossa;PTG-PRISMA;Escalados (QTD) ;outubro;5;9
Ponta Grossa;PTG-PRISMA;% Escalados;outubro;5;0,75
Ponta Grossa;PTG-PRISMA;Não escalados (QTD)  ;outubro;4;3
Ponta Grossa;PTG-PRISMA;Escalados (QTD) ;outubro;4;0
Ponta Grossa;PTG-PRISMA;% Escalados;outubro;4;0
Ponta Grossa;PTG-PRISMA;Não escalados (QTD)  ;outubro;3;4
Ponta Grossa;PTG-PRISMA;Escalados (QTD) ;outubro;3;8
Ponta Grossa;PTG-PRISMA;% Escalados;outubro;3;0,666666667
Ponta Grossa;PTG-PRISMA;Não escalados (QTD)  ;outubro;2;4
Ponta Grossa;PTG-PRISMA;Escalados (QTD) ;outubro;2;8
Ponta Grossa;PTG-PRISMA;% Escalados;outubro;2;0,666666667
Ponta Grossa;PTG-PRISMA;Não escalados (QTD)  ;outubro;1;4
Ponta Grossa;PTG-PRISMA;Escalados (QTD) ;outubro;1;8
Ponta Grossa;PTG-PRISMA;% Escalados;outubro;1;0,666666667
Ponta Grossa;TEB-PRISMA;Não escalados (QTD)  ;outubro;7;0
Ponta Grossa;TEB-PRISMA;Escalados (QTD) ;outubro;7;2
Ponta Grossa;TEB-PRISMA;% Escalados;outubro;7;1
Ponta Grossa;TEB-PRISMA;Não escalados (QTD)  ;outubro;6;1
Ponta Grossa;TEB-PRISMA;Escalados (QTD) ;outubro;6;1
Ponta Grossa;TEB-PRISMA;% Escalados;outubro;6;0,5
Ponta Grossa;TEB-PRISMA;Não escalados (QTD)  ;outubro;5;0
Ponta Grossa;TEB-PRISMA;Escalados (QTD) ;outubro;5;2
Ponta Grossa;TEB-PRISMA;% Escalados;outubro;5;1
Ponta Grossa;TEB-PRISMA;Não escalados (QTD)  ;outubro;3;0
Ponta Grossa;TEB-PRISMA;Escalados (QTD) ;outubro;3;2
Ponta Grossa;TEB-PRISMA;% Escalados;outubro;3;1
Ponta Grossa;TEB-PRISMA;Não escalados (QTD)  ;outubro;2;0
Ponta Grossa;TEB-PRISMA;Escalados (QTD) ;outubro;2;2
Ponta Grossa;TEB-PRISMA;% Escalados;outubro;2;1
Ponta Grossa;TEB-PRISMA;Não escalados (QTD)  ;outubro;1;1
Ponta Grossa;TEB-PRISMA;Escalados (QTD) ;outubro;1;1
Ponta Grossa;TEB-PRISMA;% Escalados;outubro;1;0,5
São Bento do Sul;CSMR-EQS;Não escalados (QTD)  ;outubro;7;1
São Bento do Sul;CSMR-EQS;Escalados (QTD) ;outubro;7;3
São Bento do Sul;CSMR-EQS;% Escalados;outubro;7;0,75
São Bento do Sul;CSMR-EQS;Não escalados (QTD)  ;outubro;6;0
São Bento do Sul;CSMR-EQS;Escalados (QTD) ;outubro;6;3
São Bento do Sul;CSMR-EQS;% Escalados;outubro;6;1
São Bento do Sul;CSMR-EQS;Não escalados (QTD)  ;outubro;5;1
São Bento do Sul;CSMR-EQS;Escalados (QTD) ;outubro;5;3
São Bento do Sul;CSMR-EQS;% Escalados;outubro;5;0,75
São Bento do Sul;CSMR-EQS;Não escalados (QTD)  ;outubro;4;3
São Bento do Sul;CSMR-EQS;Escalados (QTD) ;outubro;4;1
São Bento do Sul;CSMR-EQS;% Escalados;outubro;4;0,25
São Bento do Sul;CSMR-EQS;Não escalados (QTD)  ;outubro;3;1
São Bento do Sul;CSMR-EQS;Escalados (QTD) ;outubro;3;3
São Bento do Sul;CSMR-EQS;% Escalados;outubro;3;0,75
São Bento do Sul;CSMR-EQS;Não escalados (QTD)  ;outubro;2;0
São Bento do Sul;CSMR-EQS;Escalados (QTD) ;outubro;2;4
São Bento do Sul;CSMR-EQS;% Escalados;outubro;2;1
São Bento do Sul;CSMR-EQS;Não escalados (QTD)  ;outubro;1;1
São Bento do Sul;CSMR-EQS;Escalados (QTD) ;outubro;1;3
São Bento do Sul;CSMR-EQS;% Escalados;outubro;1;0,75
São Bento do Sul;MFA-EQS;Não escalados (QTD)  ;outubro;7;0
São Bento do Sul;MFA-EQS;Escalados (QTD) ;outubro;7;1
São Bento do Sul;MFA-EQS;% Escalados;outubro;7;1
São Bento do Sul;MFA-EQS;Não escalados (QTD)  ;outubro;6;0
São Bento do Sul;MFA-EQS;Escalados (QTD) ;outubro;6;1
São Bento do Sul;MFA-EQS;% Escalados;outubro;6;1
São Bento do Sul;MFA-EQS;Não escalados (QTD)  ;outubro;5;0
São Bento do Sul;MFA-EQS;Escalados (QTD) ;outubro;5;1
São Bento do Sul;MFA-EQS;% Escalados;outubro;5;1
São Bento do Sul;MFA-EQS;Não escalados (QTD)  ;outubro;4;1
São Bento do Sul;MFA-EQS;Escalados (QTD) ;outubro;4;0
São Bento do Sul;MFA-EQS;% Escalados;outubro;4;0
São Bento do Sul;MFA-EQS;Não escalados (QTD)  ;outubro;3;0
São Bento do Sul;MFA-EQS;Escalados (QTD) ;outubro;3;1
São Bento do Sul;MFA-EQS;% Escalados;outubro;3;1
São Bento do Sul;MFA-EQS;Não escalados (QTD)  ;outubro;2;1
São Bento do Sul;MFA-EQS;Escalados (QTD) ;outubro;2;0
São Bento do Sul;MFA-EQS;% Escalados;outubro;2;0
São Bento do Sul;MFA-EQS;Não escalados (QTD)  ;outubro;1;0
São Bento do Sul;MFA-EQS;Escalados (QTD) ;outubro;1;1
São Bento do Sul;MFA-EQS;% Escalados;outubro;1;1
